"plot_id","line","cr_severity","date"
5787,"IL02-8663",30,2017-06-30
5547,"Portage",30,2017-06-30
5548,"SD050716",30,2017-06-30
5788,"Deon",20,2017-06-30
5546,"MN04120",40,2017-06-30
5551,"ND051306",30,2017-06-30
5552,"MN06120",40,2017-06-30
5549,"MN10121",30,2017-06-30
5550,"MN11221",30,2017-06-30
5785,"WIX9528-1",5,2017-06-30
5786,"WIX9878-3",10,2017-06-30
5557,"CLINTLAND64",30,2017-06-30
5558,"MN841801-1",30,2017-06-30
5559,"Deon",30,2017-06-30
5560,"OA1341-1",40,2017-06-30
5561,"SD110808",30,2017-06-30
5562,"IL06-8153",30,2017-06-30
5563,"WIX9082-1",20,2017-06-30
5564,"06P04A-E07B3",20,2017-06-30
5565,"P0714A1-29-2",30,2017-06-30
5553,"SD120316",30,2017-06-30
5554,"IA02168-1-1",40,2017-06-30
5555,"ND090709",40,2017-06-30
5556,"Marvelous",30,2017-06-30
5773,"Deon",10,2017-06-30
5774,"SD050945",20,2017-06-30
5775,"Ogle",30,2017-06-30
5776,"SD101027",30,2017-06-30
5777,"IA02023-2-1",30,2017-06-30
5778,"P0216A1-1",30,2017-06-30
5779,"MN08211",10,2017-06-30
5780,"00P28-AN01B1",20,2017-06-30
5781,"ND080816",1,2017-06-30
5782,"MN09256",10,2017-06-30
5783,"SD081644",30,2017-06-30
5784,"NATTY",10,2017-06-30
5582,"Marvelous",30,2017-06-30
5583,"MN09115",30,2017-06-30
5584,"MN08160",30,2017-06-30
5585,"SD031128-245",30,2017-06-30
5586,"WIX9221-8",20,2017-06-30
5587,"04P07B-GN1C",10,2017-06-30
5588,"ND101473",20,2017-06-30
5589,"P9741A1-4-6-86",20,2017-06-30
5590,"SD100454",30,2017-06-30
5591,"AAC_ROSKENS",20,2017-06-30
5592,"MN10209",20,2017-06-30
5593,"SD120553",20,2017-06-30
5594,"SD120129",20,2017-06-30
5595,"ND021052",40,2017-06-30
5596,"Deon",20,2017-06-30
5597,"OA1256-1",20,2017-06-30
5598,"SD120296",20,2017-06-30
5599,"OT2083",30,2017-06-30
5600,"ND111357",20,2017-06-30
5601,"Deon",20,2017-06-30
5602,"OA1253-1",30,2017-06-30
5603,"SD041016",20,2017-06-30
5604,"WIX10045-9",10,2017-06-30
5605,"SD110765",30,2017-06-30
5566,"COLT",30,2017-06-30
5567,"IL05-3337",30,2017-06-30
5568,"ND070388",20,2017-06-30
5569,"SD041445-93",30,2017-06-30
5570,"P021A1-78-1",30,2017-06-30
5571,"ND030349",30,2017-06-30
5572,"Deon",20,2017-06-30
5573,"SD111946",20,2017-06-30
5574,"P973A38-9-3-2-29",20,2017-06-30
5575,"WIX9414-1",10,2017-06-30
5576,"MN08260",20,2017-06-30
5577,"SD041445-119",20,2017-06-30
5578,"MN11211",20,2017-06-30
5579,"IL02-5630",30,2017-06-30
5580,"SD100644",20,2017-06-30
5581,"MN11211",10,2017-06-30
5501,"SD100719",30,2017-06-30
5502,"MN06213",30,2017-06-30
5503,"IL08-2010",30,2017-06-30
5504,"SD081577",30,2017-06-30
5505,"ND090807",20,2017-06-30
5506,"SHELBY427",20,2017-06-30
5507,"WIX10055-8",10,2017-06-30
5508,"SD050938",20,2017-06-30
5509,"WIX9562-5",10,2017-06-30
5510,"LAO-1012-040",20,2017-06-30
5511,"IL00-1030",30,2017-06-30
5512,"SD120289",10,2017-06-30
5513,"LEGGETT",5,2017-06-30
5514,"WIX8787-2",20,2017-06-30
5515,"SD080611",30,2017-06-30
5516,"MORTON",20,2017-06-30
5517,"ND100362",20,2017-06-30
5518,"Deon",20,2017-06-30
5519,"OPTIMUM",20,2017-06-30
5520,"MN841801-1",20,2017-06-30
5521,"Portage",20,2017-06-30
5522,"SD090240",20,2017-06-30
5523,"MN02231",20,2017-06-30
5524,"ND070182",20,2017-06-30
5525,"SD081038",20,2017-06-30
5526,"IA02130-2-3",30,2017-06-30
5527,"Marvelous",30,2017-06-30
5528,"SD050616",30,2017-06-30
5529,"Ogle",20,2017-06-30
5530,"IL07-8258",30,2017-06-30
5531,"SD090882",30,2017-06-30
5532,"MN10253",20,2017-06-30
5533,"SD60980",20,2017-06-30
5534,"SD120069",20,2017-06-30
5535,"CLINTFORD",20,2017-06-30
5536,"SD120640",10,2017-06-30
5537,"IL09-5239",30,2017-06-30
5538,"OTEE",40,2017-06-30
5539,"MNBT1021-1",5,2017-06-30
5540,"SD081949",30,2017-06-30
5541,"MN841801-1",20,2017-06-30
5542,"Deon",30,2017-06-30
5543,"IL05-9931",30,2017-06-30
5544,"P075A1-3-2",40,2017-06-30
5545,"P0528A1-1",30,2017-06-30
5667,"MN11231",20,2017-06-30
5668,"SD080348",30,2017-06-30
5669,"SD081107",30,2017-06-30
5670,"SD100198",30,2017-06-30
5671,"MN05119",30,2017-06-30
5672,"MN08138",20,2017-06-30
5673,"SD120524",20,2017-06-30
5674,"P0541A1-1",20,2017-06-30
5675,"SD041405",20,2017-06-30
5676,"SD110466",5,2017-06-30
5677,"ND060182",20,2017-06-30
5678,"MN04242",30,2017-06-30
5679,"ND040492",30,2017-06-30
5680,"SD111736",20,2017-06-30
5681,"NEWBURG",20,2017-06-30
5682,"MN07204",10,2017-06-30
5683,"SD080788",10,2017-06-30
5684,"MNBT1020-1",0,2017-06-30
5685,"MN841801-1",20,2017-06-30
5686,"SD100184",20,2017-06-30
5687,"MN08243",20,2017-06-30
5688,"SD120266",20,2017-06-30
5689,"WIX8787-3",20,2017-06-30
5690,"SD60130",30,2017-06-30
5691,"MN04136",20,2017-06-30
5692,"MN07208",20,2017-06-30
5693,"MN841801-1",20,2017-06-30
5694,"OA1342-2",30,2017-06-30
5695,"AAC_OAKLIN",20,2017-06-30
5696,"03P26A-BV3A",10,2017-06-30
5697,"P0216A1-1-45",20,2017-06-30
5698,"IL08-9201",30,2017-06-30
5699,"ND040250",30,2017-06-30
5700,"IL06-3761",30,2017-06-30
5701,"SD090248",20,2017-06-30
5702,"WIX8787-4",10,2017-06-30
5703,"SD61081",20,2017-06-30
5704,"IA01005-2",30,2017-06-30
5705,"ND051312",30,2017-06-30
5706,"MN03114",30,2017-06-30
5707,"MN09119",20,2017-06-30
5708,"ANDREW",30,2017-06-30
5709,"MN08252",10,2017-06-30
5710,"SD030888",30,2017-06-30
5711,"SD111753",30,2017-06-30
5712,"IL09-2838",30,2017-06-30
5713,"ND020965",30,2017-06-30
5714,"MN841801-1",30,2017-06-30
5715,"SD111939",30,2017-06-30
5716,"REINS",30,2017-06-30
5717,"Marvelous",30,2017-06-30
5718,"IL11-2353",20,2017-06-30
5719,"SD081085",30,2017-06-30
5720,"HA08-03X15-1",20,2017-06-30
5721,"WIX9645-1",20,2017-06-30
5722,"Deon",20,2017-06-30
5723,"HAYDEN",30,2017-06-30
5724,"AAC_NICOLAS",30,2017-06-30
5725,"LAO-1104-028C1",20,2017-06-30
5726,"MN05237",30,2017-06-30
5606,"OA1357-2",20,2017-06-30
5607,"SD61433",20,2017-06-30
5608,"ND040196",30,2017-06-30
5609,"MN02234",30,2017-06-30
5610,"WIX9487-1",10,2017-06-30
5611,"OA1331-6",30,2017-06-30
5612,"IL05-7133",30,2017-06-30
5613,"ND090868",30,2017-06-30
5614,"IL04-7077",40,2017-06-30
5615,"SD090880",30,2017-06-30
5616,"WIX10045-12",10,2017-06-30
5617,"IL10-9867",20,2017-06-30
5618,"Portage",30,2017-06-30
5619,"Ogle",30,2017-06-30
5620,"Deon",10,2017-06-30
5621,"P021A1-78-1-5",30,2017-06-30
5622,"ND011054",30,2017-06-30
5623,"IL06-5465",30,2017-06-30
5624,"HORSEPOWER",30,2017-06-30
5625,"ND102000",20,2017-06-30
5626,"SD110470",20,2017-06-30
5627,"AC_ASSINIBOIA",30,2017-06-30
5628,"SD050608",20,2017-06-30
5629,"SD111931",20,2017-06-30
5630,"DON",30,2017-06-30
5631,"MN04232",20,2017-06-30
5632,"BETAGENE",20,2017-06-30
5633,"WIX8791-1",20,2017-06-30
5634,"IL02-8011",40,2017-06-30
5635,"SD091510",40,2017-06-30
5636,"P0528A1-6-1",30,2017-06-30
5637,"SD081563",30,2017-06-30
5638,"P0528A1-1-1",30,2017-06-30
5639,"MN09105",30,2017-06-30
5640,"SD110640",40,2017-06-30
5641,"IA02130-2-2",20,2017-06-30
5642,"MN09223",20,2017-06-30
5643,"Marvelous",40,2017-06-30
5644,"SD051005",30,2017-06-30
5645,"WIX9287-2",40,2017-06-30
5646,"MN05157",40,2017-06-30
5647,"SD090893",40,2017-06-30
5648,"MN09103",40,2017-06-30
5649,"MN11139",10,2017-06-30
5650,"WPAT04P03-PY3B",20,2017-06-30
5651,"MN11110",20,2017-06-30
5652,"SD110605",20,2017-06-30
5653,"IL09-5508",20,2017-06-30
5654,"SD111922",30,2017-06-30
5655,"Portage",20,2017-06-30
5656,"Deon",20,2017-06-30
5657,"P021A1-66-2",30,2017-06-30
5658,"IL09-6937",30,2017-06-30
5659,"SD110304",30,2017-06-30
5660,"ND021612",30,2017-06-30
5661,"Ogle",20,2017-06-30
5662,"Deon",20,2017-06-30
5663,"IL11-5748",30,2017-06-30
5664,"Portage",30,2017-06-30
5665,"01G04-CC3E",10,2017-06-30
5666,"SD100602",20,2017-06-30
5747,"SABER",30,2017-06-30
5748,"MN09255",20,2017-06-30
5750,"MN06203",30,2017-06-30
5751,"Ogle",40,2017-06-30
5752,"Deon",30,2017-06-30
5753,"MN09230",30,2017-06-30
5754,"OA1271-3",20,2017-06-30
5755,"SD050834",20,2017-06-30
5756,"04P07A-BS5C",10,2017-06-30
5757,"WIX9500-6",10,2017-06-30
5758,"MN07104",30,2017-06-30
5759,"MN05205",30,2017-06-30
5760,"AAC_ALMONTE",30,2017-06-30
5761,"GOPHER",30,2017-06-30
5762,"IA02010-2-1",30,2017-06-30
5763,"SD050612",30,2017-06-30
5764,"WIX9449-1",20,2017-06-30
5765,"WIX9897-5",20,2017-06-30
5766,"SD082192",30,2017-06-30
5727,"IL09-5745",20,2017-06-30
5728,"MN11140",20,2017-06-30
5729,"WIX10088-6",20,2017-06-30
5730,"ND050490",20,2017-06-30
5731,"SD120456",30,2017-06-30
5732,"SD090510",30,2017-06-30
5733,"SD120638",10,2017-06-30
5734,"ND060342",30,2017-06-30
5735,"BADGER",20,2017-06-30
5736,"OT2074",20,2017-06-30
5737,"SD090780",30,2017-06-30
5738,"RON",20,2017-06-30
5739,"SD090552",30,2017-06-30
5740,"P021A1-25-53",40,2017-06-30
5741,"P021A1-25",40,2017-06-30
5742,"HA07-02X22-3",40,2017-06-30
5743,"SD090965",30,2017-06-30
5744,"WIX9150-1",20,2017-06-30
5745,"MN10130",20,2017-06-30
5746,"IL07-8721",30,2017-06-30
5768,"P075A1-7",30,2017-06-30
5769,"SD020883-109",30,2017-06-30
5770,"SD041445",20,2017-06-30
5767,"SD041451",30,2017-06-30
5772,"KAME",30,2017-06-30
5771,"SD100015",30,2017-06-30
5502,"MN06213",40,2017-07-03
5503,"IL08-2010",40,2017-07-03
5501,"SD100719",40,2017-07-03
5506,"SHELBY427",40,2017-07-03
5507,"WIX10055-8",10,2017-07-03
5504,"SD081577",30,2017-07-03
5505,"ND090807",30,2017-07-03
5514,"WIX8787-2",20,2017-07-03
5515,"SD080611",40,2017-07-03
5516,"MORTON",30,2017-07-03
5517,"ND100362",30,2017-07-03
5518,"Deon",30,2017-07-03
5519,"OPTIMUM",30,2017-07-03
5520,"MN841801-1",20,2017-07-03
5508,"SD050938",30,2017-07-03
5509,"WIX9562-5",10,2017-07-03
5510,"LAO-1012-040",30,2017-07-03
5511,"IL00-1030",30,2017-07-03
5512,"SD120289",20,2017-07-03
5513,"LEGGETT",20,2017-07-03
5527,"Marvelous",30,2017-07-03
5528,"SD050616",40,2017-07-03
5529,"Ogle",30,2017-07-03
5530,"IL07-8258",40,2017-07-03
5531,"SD090882",30,2017-07-03
5532,"MN10253",20,2017-07-03
5533,"SD60980",20,2017-07-03
5534,"SD120069",20,2017-07-03
5535,"CLINTFORD",30,2017-07-03
5536,"SD120640",20,2017-07-03
5537,"IL09-5239",50,2017-07-03
5538,"OTEE",50,2017-07-03
5539,"MNBT1021-1",1,2017-07-03
5540,"SD081949",40,2017-07-03
5541,"MN841801-1",30,2017-07-03
5542,"Deon",40,2017-07-03
5543,"IL05-9931",40,2017-07-03
5544,"P075A1-3-2",60,2017-07-03
5545,"P0528A1-1",50,2017-07-03
5546,"MN04120",40,2017-07-03
5547,"Portage",40,2017-07-03
5548,"SD050716",50,2017-07-03
5549,"MN10121",40,2017-07-03
5550,"MN11221",30,2017-07-03
5551,"ND051306",30,2017-07-03
5552,"MN06120",40,2017-07-03
5553,"SD120316",30,2017-07-03
5554,"IA02168-1-1",50,2017-07-03
5555,"ND090709",30,2017-07-03
5556,"Marvelous",30,2017-07-03
5557,"CLINTLAND64",30,2017-07-03
5558,"MN841801-1",30,2017-07-03
5559,"Deon",40,2017-07-03
5560,"OA1341-1",40,2017-07-03
5521,"Portage",30,2017-07-03
5522,"SD090240",30,2017-07-03
5523,"MN02231",30,2017-07-03
5524,"ND070182",20,2017-07-03
5525,"SD081038",30,2017-07-03
5526,"IA02130-2-3",40,2017-07-03
5606,"OA1357-2",20,2017-07-03
5607,"SD61433",30,2017-07-03
5608,"ND040196",30,2017-07-03
5609,"MN02234",40,2017-07-03
5610,"WIX9487-1",20,2017-07-03
5611,"OA1331-6",30,2017-07-03
5612,"IL05-7133",40,2017-07-03
5613,"ND090868",30,2017-07-03
5614,"IL04-7077",40,2017-07-03
5615,"SD090880",30,2017-07-03
5616,"WIX10045-12",10,2017-07-03
5617,"IL10-9867",20,2017-07-03
5618,"Portage",30,2017-07-03
5619,"Ogle",40,2017-07-03
5620,"Deon",30,2017-07-03
5621,"P021A1-78-1-5",40,2017-07-03
5622,"ND011054",30,2017-07-03
5623,"IL06-5465",50,2017-07-03
5624,"HORSEPOWER",40,2017-07-03
5625,"ND102000",30,2017-07-03
5626,"SD110470",20,2017-07-03
5627,"AC_ASSINIBOIA",30,2017-07-03
5628,"SD050608",30,2017-07-03
5629,"SD111931",30,2017-07-03
5630,"DON",40,2017-07-03
5631,"MN04232",30,2017-07-03
5632,"BETAGENE",20,2017-07-03
5633,"WIX8791-1",20,2017-07-03
5634,"IL02-8011",40,2017-07-03
5635,"SD091510",40,2017-07-03
5636,"P0528A1-6-1",30,2017-07-03
5637,"SD081563",30,2017-07-03
5638,"P0528A1-1-1",40,2017-07-03
5639,"MN09105",40,2017-07-03
5640,"SD110640",40,2017-07-03
5641,"IA02130-2-2",20,2017-07-03
5642,"MN09223",20,2017-07-03
5643,"Marvelous",40,2017-07-03
5644,"SD051005",40,2017-07-03
5645,"WIX9287-2",30,2017-07-03
5646,"MN05157",40,2017-07-03
5647,"SD090893",30,2017-07-03
5648,"MN09103",30,2017-07-03
5649,"MN11139",10,2017-07-03
5650,"WPAT04P03-PY3B",30,2017-07-03
5651,"MN11110",30,2017-07-03
5652,"SD110605",30,2017-07-03
5653,"IL09-5508",30,2017-07-03
5654,"SD111922",30,2017-07-03
5655,"Portage",30,2017-07-03
5656,"Deon",30,2017-07-03
5657,"P021A1-66-2",40,2017-07-03
5658,"IL09-6937",30,2017-07-03
5659,"SD110304",40,2017-07-03
5660,"ND021612",40,2017-07-03
5661,"Ogle",40,2017-07-03
5662,"Deon",30,2017-07-03
5663,"IL11-5748",30,2017-07-03
5664,"Portage",30,2017-07-03
5665,"01G04-CC3E",20,2017-07-03
5666,"SD100602",40,2017-07-03
5667,"MN11231",10,2017-07-03
5668,"SD080348",40,2017-07-03
5669,"SD081107",30,2017-07-03
5670,"SD100198",40,2017-07-03
5671,"MN05119",30,2017-07-03
5672,"MN08138",30,2017-07-03
5673,"SD120524",30,2017-07-03
5674,"P0541A1-1",30,2017-07-03
5675,"SD041405",30,2017-07-03
5676,"SD110466",10,2017-07-03
5677,"ND060182",20,2017-07-03
5678,"MN04242",30,2017-07-03
5679,"ND040492",30,2017-07-03
5680,"SD111736",40,2017-07-03
5681,"NEWBURG",30,2017-07-03
5561,"SD110808",30,2017-07-03
5562,"IL06-8153",40,2017-07-03
5563,"WIX9082-1",20,2017-07-03
5564,"06P04A-E07B3",30,2017-07-03
5565,"P0714A1-29-2",40,2017-07-03
5566,"COLT",40,2017-07-03
5567,"IL05-3337",50,2017-07-03
5568,"ND070388",30,2017-07-03
5569,"SD041445-93",40,2017-07-03
5570,"P021A1-78-1",40,2017-07-03
5571,"ND030349",30,2017-07-03
5572,"Deon",30,2017-07-03
5573,"SD111946",30,2017-07-03
5574,"P973A38-9-3-2-29",40,2017-07-03
5575,"WIX9414-1",10,2017-07-03
5576,"MN08260",20,2017-07-03
5577,"SD041445-119",30,2017-07-03
5578,"MN11211",20,2017-07-03
5579,"IL02-5630",40,2017-07-03
5580,"SD100644",30,2017-07-03
5581,"MN11211",20,2017-07-03
5582,"Marvelous",30,2017-07-03
5583,"MN09115",40,2017-07-03
5584,"MN08160",40,2017-07-03
5585,"SD031128-245",40,2017-07-03
5586,"WIX9221-8",10,2017-07-03
5587,"04P07B-GN1C",10,2017-07-03
5588,"ND101473",20,2017-07-03
5589,"P9741A1-4-6-86",40,2017-07-03
5590,"SD100454",20,2017-07-03
5591,"AAC_ROSKENS",20,2017-07-03
5592,"MN10209",30,2017-07-03
5593,"SD120553",20,2017-07-03
5594,"SD120129",20,2017-07-03
5595,"ND021052",40,2017-07-03
5596,"Deon",30,2017-07-03
5597,"OA1256-1",20,2017-07-03
5598,"SD120296",10,2017-07-03
5599,"OT2083",30,2017-07-03
5600,"ND111357",20,2017-07-03
5601,"Deon",30,2017-07-03
5602,"OA1253-1",30,2017-07-03
5603,"SD041016",30,2017-07-03
5604,"WIX10045-9",5,2017-07-03
5605,"SD110765",40,2017-07-03
5727,"IL09-5745",40,2017-07-03
5728,"MN11140",20,2017-07-03
5729,"WIX10088-6",20,2017-07-03
5730,"ND050490",30,2017-07-03
5731,"SD120456",40,2017-07-03
5732,"SD090510",30,2017-07-03
5733,"SD120638",20,2017-07-03
5734,"ND060342",40,2017-07-03
5735,"BADGER",40,2017-07-03
5736,"OT2074",20,2017-07-03
5737,"SD090780",30,2017-07-03
5738,"RON",20,2017-07-03
5739,"SD090552",30,2017-07-03
5740,"P021A1-25-53",40,2017-07-03
5741,"P021A1-25",50,2017-07-03
5742,"HA07-02X22-3",40,2017-07-03
5743,"SD090965",30,2017-07-03
5744,"WIX9150-1",10,2017-07-03
5745,"MN10130",30,2017-07-03
5746,"IL07-8721",40,2017-07-03
5747,"SABER",50,2017-07-03
5748,"MN09255",30,2017-07-03
5750,"MN06203",40,2017-07-03
5751,"Ogle",50,2017-07-03
5752,"Deon",40,2017-07-03
5753,"MN09230",40,2017-07-03
5754,"OA1271-3",30,2017-07-03
5755,"SD050834",20,2017-07-03
5756,"04P07A-BS5C",10,2017-07-03
5757,"WIX9500-6",1,2017-07-03
5758,"MN07104",40,2017-07-03
5759,"MN05205",40,2017-07-03
5760,"AAC_ALMONTE",30,2017-07-03
5761,"GOPHER",30,2017-07-03
5762,"IA02010-2-1",60,2017-07-03
5763,"SD050612",50,2017-07-03
5764,"WIX9449-1",40,2017-07-03
5765,"WIX9897-5",20,2017-07-03
5766,"SD082192",60,2017-07-03
5767,"SD041451",40,2017-07-03
5768,"P075A1-7",40,2017-07-03
5769,"SD020883-109",40,2017-07-03
5770,"SD041445",40,2017-07-03
5771,"SD100015",40,2017-07-03
5772,"KAME",30,2017-07-03
5773,"Deon",20,2017-07-03
5774,"SD050945",30,2017-07-03
5775,"Ogle",40,2017-07-03
5776,"SD101027",50,2017-07-03
5777,"IA02023-2-1",50,2017-07-03
5778,"P0216A1-1",40,2017-07-03
5779,"MN08211",20,2017-07-03
5780,"00P28-AN01B1",30,2017-07-03
5781,"ND080816",30,2017-07-03
5782,"MN09256",20,2017-07-03
5783,"SD081644",40,2017-07-03
5784,"NATTY",30,2017-07-03
5785,"WIX9528-1",10,2017-07-03
5786,"WIX9878-3",10,2017-07-03
5787,"IL02-8663",40,2017-07-03
5788,"Deon",40,2017-07-03
5708,"ANDREW",40,2017-07-03
5709,"MN08252",20,2017-07-03
5710,"SD030888",40,2017-07-03
5711,"SD111753",40,2017-07-03
5712,"IL09-2838",30,2017-07-03
5713,"ND020965",30,2017-07-03
5714,"MN841801-1",30,2017-07-03
5715,"SD111939",30,2017-07-03
5716,"REINS",40,2017-07-03
5717,"Marvelous",40,2017-07-03
5718,"IL11-2353",20,2017-07-03
5719,"SD081085",40,2017-07-03
5720,"HA08-03X15-1",40,2017-07-03
5721,"WIX9645-1",30,2017-07-03
5682,"MN07204",20,2017-07-03
5683,"SD080788",20,2017-07-03
5684,"MNBT1020-1",0,2017-07-03
5685,"MN841801-1",30,2017-07-03
5686,"SD100184",20,2017-07-03
5687,"MN08243",20,2017-07-03
5688,"SD120266",30,2017-07-03
5689,"WIX8787-3",10,2017-07-03
5690,"SD60130",20,2017-07-03
5691,"MN04136",30,2017-07-03
5692,"MN07208",30,2017-07-03
5693,"MN841801-1",40,2017-07-03
5694,"OA1342-2",30,2017-07-03
5695,"AAC_OAKLIN",30,2017-07-03
5696,"03P26A-BV3A",20,2017-07-03
5697,"P0216A1-1-45",40,2017-07-03
5698,"IL08-9201",40,2017-07-03
5699,"ND040250",30,2017-07-03
5700,"IL06-3761",40,2017-07-03
5701,"SD090248",30,2017-07-03
5702,"WIX8787-4",20,2017-07-03
5703,"SD61081",30,2017-07-03
5704,"IA01005-2",30,2017-07-03
5705,"ND051312",40,2017-07-03
5706,"MN03114",40,2017-07-03
5707,"MN09119",30,2017-07-03
5725,"LAO-1104-028C1",20,2017-07-03
5722,"Deon",30,2017-07-03
5723,"HAYDEN",30,2017-07-03
5724,"AAC_NICOLAS",30,2017-07-03
5726,"MN05237",30,2017-07-03
5623,"IL06-5465",50,2017-07-05
5629,"SD111931",30,2017-07-05
5630,"DON",40,2017-07-05
5631,"MN04232",30,2017-07-05
5632,"BETAGENE",10,2017-07-05
5633,"WIX8791-1",20,2017-07-05
5634,"IL02-8011",40,2017-07-05
5635,"SD091510",30,2017-07-05
5636,"P0528A1-6-1",20,2017-07-05
5624,"HORSEPOWER",40,2017-07-05
5625,"ND102000",20,2017-07-05
5626,"SD110470",20,2017-07-05
5627,"AC_ASSINIBOIA",30,2017-07-05
5628,"SD050608",20,2017-07-05
5561,"SD110808",20,2017-07-05
5562,"IL06-8153",40,2017-07-05
5563,"WIX9082-1",10,2017-07-05
5564,"06P04A-E07B3",20,2017-07-05
5565,"P0714A1-29-2",30,2017-07-05
5566,"COLT",40,2017-07-05
5567,"IL05-3337",50,2017-07-05
5568,"ND070388",30,2017-07-05
5569,"SD041445-93",30,2017-07-05
5570,"P021A1-78-1",40,2017-07-05
5571,"ND030349",30,2017-07-05
5572,"Deon",20,2017-07-05
5573,"SD111946",30,2017-07-05
5574,"P973A38-9-3-2-29",40,2017-07-05
5575,"WIX9414-1",10,2017-07-05
5576,"MN08260",20,2017-07-05
5577,"SD041445-119",30,2017-07-05
5578,"MN11211",30,2017-07-05
5579,"IL02-5630",40,2017-07-05
5580,"SD100644",30,2017-07-05
5581,"MN11211",20,2017-07-05
5582,"Marvelous",20,2017-07-05
5583,"MN09115",40,2017-07-05
5584,"MN08160",40,2017-07-05
5585,"SD031128-245",40,2017-07-05
5586,"WIX9221-8",10,2017-07-05
5587,"04P07B-GN1C",10,2017-07-05
5588,"ND101473",30,2017-07-05
5589,"P9741A1-4-6-86",30,2017-07-05
5590,"SD100454",40,2017-07-05
5591,"AAC_ROSKENS",30,2017-07-05
5592,"MN10209",30,2017-07-05
5593,"SD120553",30,2017-07-05
5594,"SD120129",20,2017-07-05
5595,"ND021052",40,2017-07-05
5596,"Deon",20,2017-07-05
5597,"OA1256-1",20,2017-07-05
5598,"SD120296",20,2017-07-05
5599,"OT2083",30,2017-07-05
5600,"ND111357",30,2017-07-05
5601,"Deon",20,2017-07-05
5602,"OA1253-1",30,2017-07-05
5603,"SD041016",30,2017-07-05
5604,"WIX10045-9",1,2017-07-05
5605,"SD110765",30,2017-07-05
5606,"OA1357-2",20,2017-07-05
5607,"SD61433",40,2017-07-05
5608,"ND040196",40,2017-07-05
5609,"MN02234",40,2017-07-05
5610,"WIX9487-1",20,2017-07-05
5611,"OA1331-6",30,2017-07-05
5612,"IL05-7133",40,2017-07-05
5613,"ND090868",30,2017-07-05
5614,"IL04-7077",40,2017-07-05
5615,"SD090880",40,2017-07-05
5616,"WIX10045-12",10,2017-07-05
5617,"IL10-9867",20,2017-07-05
5618,"Portage",30,2017-07-05
5619,"Ogle",40,2017-07-05
5620,"Deon",20,2017-07-05
5621,"P021A1-78-1-5",40,2017-07-05
5622,"ND011054",30,2017-07-05
5501,"SD100719",40,2017-07-05
5502,"MN06213",40,2017-07-05
5503,"IL08-2010",50,2017-07-05
5504,"SD081577",30,2017-07-05
5505,"ND090807",40,2017-07-05
5506,"SHELBY427",50,2017-07-05
5507,"WIX10055-8",10,2017-07-05
5508,"SD050938",20,2017-07-05
5509,"WIX9562-5",5,2017-07-05
5510,"LAO-1012-040",30,2017-07-05
5511,"IL00-1030",40,2017-07-05
5512,"SD120289",20,2017-07-05
5513,"LEGGETT",10,2017-07-05
5514,"WIX8787-2",20,2017-07-05
5515,"SD080611",50,2017-07-05
5516,"MORTON",30,2017-07-05
5517,"ND100362",30,2017-07-05
5518,"Deon",30,2017-07-05
5519,"OPTIMUM",40,2017-07-05
5520,"MN841801-1",20,2017-07-05
5521,"Portage",30,2017-07-05
5522,"SD090240",30,2017-07-05
5523,"MN02231",30,2017-07-05
5524,"ND070182",20,2017-07-05
5525,"SD081038",40,2017-07-05
5526,"IA02130-2-3",50,2017-07-05
5527,"Marvelous",30,2017-07-05
5528,"SD050616",30,2017-07-05
5529,"Ogle",20,2017-07-05
5530,"IL07-8258",40,2017-07-05
5531,"SD090882",40,2017-07-05
5532,"MN10253",20,2017-07-05
5533,"SD60980",20,2017-07-05
5534,"SD120069",20,2017-07-05
5535,"CLINTFORD",40,2017-07-05
5536,"SD120640",20,2017-07-05
5537,"IL09-5239",40,2017-07-05
5538,"OTEE",50,2017-07-05
5539,"MNBT1021-1",1,2017-07-05
5540,"SD081949",40,2017-07-05
5541,"MN841801-1",30,2017-07-05
5542,"Deon",30,2017-07-05
5543,"IL05-9931",40,2017-07-05
5544,"P075A1-3-2",50,2017-07-05
5545,"P0528A1-1",40,2017-07-05
5546,"MN04120",40,2017-07-05
5547,"Portage",30,2017-07-05
5548,"SD050716",30,2017-07-05
5549,"MN10121",30,2017-07-05
5550,"MN11221",30,2017-07-05
5551,"ND051306",30,2017-07-05
5552,"MN06120",30,2017-07-05
5553,"SD120316",20,2017-07-05
5554,"IA02168-1-1",50,2017-07-05
5555,"ND090709",30,2017-07-05
5556,"Marvelous",20,2017-07-05
5557,"CLINTLAND64",30,2017-07-05
5558,"MN841801-1",30,2017-07-05
5559,"Deon",30,2017-07-05
5560,"OA1341-1",30,2017-07-05
5682,"MN07204",20,2017-07-05
5683,"SD080788",20,2017-07-05
5684,"MNBT1020-1",1,2017-07-05
5685,"MN841801-1",20,2017-07-05
5686,"SD100184",20,2017-07-05
5687,"MN08243",20,2017-07-05
5688,"SD120266",20,2017-07-05
5689,"WIX8787-3",10,2017-07-05
5690,"SD60130",20,2017-07-05
5691,"MN04136",30,2017-07-05
5692,"MN07208",30,2017-07-05
5693,"MN841801-1",20,2017-07-05
5694,"OA1342-2",20,2017-07-05
5695,"AAC_OAKLIN",30,2017-07-05
5696,"03P26A-BV3A",20,2017-07-05
5697,"P0216A1-1-45",30,2017-07-05
5698,"IL08-9201",50,2017-07-05
5699,"ND040250",30,2017-07-05
5700,"IL06-3761",30,2017-07-05
5701,"SD090248",20,2017-07-05
5702,"WIX8787-4",20,2017-07-05
5703,"SD61081",20,2017-07-05
5704,"IA01005-2",20,2017-07-05
5705,"ND051312",20,2017-07-05
5706,"MN03114",30,2017-07-05
5707,"MN09119",30,2017-07-05
5708,"ANDREW",20,2017-07-05
5709,"MN08252",20,2017-07-05
5710,"SD030888",30,2017-07-05
5711,"SD111753",30,2017-07-05
5712,"IL09-2838",30,2017-07-05
5713,"ND020965",30,2017-07-05
5714,"MN841801-1",30,2017-07-05
5715,"SD111939",30,2017-07-05
5716,"REINS",30,2017-07-05
5717,"Marvelous",20,2017-07-05
5718,"IL11-2353",20,2017-07-05
5719,"SD081085",40,2017-07-05
5720,"HA08-03X15-1",30,2017-07-05
5721,"WIX9645-1",20,2017-07-05
5722,"Deon",30,2017-07-05
5723,"HAYDEN",30,2017-07-05
5724,"AAC_NICOLAS",20,2017-07-05
5725,"LAO-1104-028C1",20,2017-07-05
5726,"MN05237",30,2017-07-05
5727,"IL09-5745",30,2017-07-05
5728,"MN11140",10,2017-07-05
5729,"WIX10088-6",20,2017-07-05
5730,"ND050490",30,2017-07-05
5731,"SD120456",40,2017-07-05
5732,"SD090510",30,2017-07-05
5733,"SD120638",20,2017-07-05
5734,"ND060342",30,2017-07-05
5735,"BADGER",40,2017-07-05
5736,"OT2074",20,2017-07-05
5737,"SD090780",30,2017-07-05
5738,"RON",30,2017-07-05
5739,"SD090552",30,2017-07-05
5740,"P021A1-25-53",40,2017-07-05
5741,"P021A1-25",30,2017-07-05
5742,"HA07-02X22-3",40,2017-07-05
5743,"SD090965",30,2017-07-05
5744,"WIX9150-1",10,2017-07-05
5745,"MN10130",30,2017-07-05
5746,"IL07-8721",40,2017-07-05
5747,"SABER",40,2017-07-05
5748,"MN09255",50,2017-07-05
5750,"MN06203",40,2017-07-05
5751,"Ogle",40,2017-07-05
5752,"Deon",30,2017-07-05
5753,"MN09230",40,2017-07-05
5754,"OA1271-3",30,2017-07-05
5755,"SD050834",20,2017-07-05
5756,"04P07A-BS5C",10,2017-07-05
5757,"WIX9500-6",1,2017-07-05
5637,"SD081563",30,2017-07-05
5638,"P0528A1-1-1",40,2017-07-05
5639,"MN09105",40,2017-07-05
5640,"SD110640",40,2017-07-05
5641,"IA02130-2-2",10,2017-07-05
5642,"MN09223",20,2017-07-05
5643,"Marvelous",40,2017-07-05
5644,"SD051005",30,2017-07-05
5645,"WIX9287-2",20,2017-07-05
5646,"MN05157",30,2017-07-05
5647,"SD090893",30,2017-07-05
5648,"MN09103",30,2017-07-05
5649,"MN11139",5,2017-07-05
5650,"WPAT04P03-PY3B",20,2017-07-05
5651,"MN11110",20,2017-07-05
5652,"SD110605",30,2017-07-05
5653,"IL09-5508",20,2017-07-05
5654,"SD111922",30,2017-07-05
5655,"Portage",20,2017-07-05
5656,"Deon",20,2017-07-05
5657,"P021A1-66-2",30,2017-07-05
5658,"IL09-6937",40,2017-07-05
5659,"SD110304",30,2017-07-05
5660,"ND021612",30,2017-07-05
5661,"Ogle",30,2017-07-05
5662,"Deon",30,2017-07-05
5663,"IL11-5748",30,2017-07-05
5664,"Portage",20,2017-07-05
5665,"01G04-CC3E",20,2017-07-05
5666,"SD100602",30,2017-07-05
5667,"MN11231",1,2017-07-05
5668,"SD080348",40,2017-07-05
5669,"SD081107",20,2017-07-05
5670,"SD100198",40,2017-07-05
5671,"MN05119",30,2017-07-05
5672,"MN08138",30,2017-07-05
5673,"SD120524",30,2017-07-05
5674,"P0541A1-1",40,2017-07-05
5675,"SD041405",30,2017-07-05
5676,"SD110466",10,2017-07-05
5677,"ND060182",20,2017-07-05
5678,"MN04242",30,2017-07-05
5679,"ND040492",40,2017-07-05
5680,"SD111736",30,2017-07-05
5681,"NEWBURG",30,2017-07-05
5762,"IA02010-2-1",50,2017-07-05
5763,"SD050612",40,2017-07-05
5764,"WIX9449-1",20,2017-07-05
5765,"WIX9897-5",20,2017-07-05
5766,"SD082192",50,2017-07-05
5767,"SD041451",40,2017-07-05
5768,"P075A1-7",40,2017-07-05
5769,"SD020883-109",40,2017-07-05
5770,"SD041445",30,2017-07-05
5771,"SD100015",40,2017-07-05
5772,"KAME",30,2017-07-05
5773,"Deon",20,2017-07-05
5774,"SD050945",40,2017-07-05
5775,"Ogle",30,2017-07-05
5776,"SD101027",40,2017-07-05
5777,"IA02023-2-1",40,2017-07-05
5778,"P0216A1-1",30,2017-07-05
5779,"MN08211",20,2017-07-05
5780,"00P28-AN01B1",20,2017-07-05
5781,"ND080816",30,2017-07-05
5782,"MN09256",20,2017-07-05
5783,"SD081644",30,2017-07-05
5784,"NATTY",30,2017-07-05
5785,"WIX9528-1",10,2017-07-05
5786,"WIX9878-3",10,2017-07-05
5787,"IL02-8663",30,2017-07-05
5788,"Deon",30,2017-07-05
5761,"GOPHER",30,2017-07-05
5758,"MN07104",30,2017-07-05
5759,"MN05205",30,2017-07-05
5760,"AAC_ALMONTE",20,2017-07-05
5664,"Portage",30,2017-07-07
5665,"01G04-CC3E",20,2017-07-07
5666,"SD100602",30,2017-07-07
5667,"MN11231",10,2017-07-07
5668,"SD080348",50,2017-07-07
5669,"SD081107",30,2017-07-07
5670,"SD100198",50,2017-07-07
5671,"MN05119",40,2017-07-07
5672,"MN08138",30,2017-07-07
5637,"SD081563",20,2017-07-07
5638,"P0528A1-1-1",30,2017-07-07
5639,"MN09105",40,2017-07-07
5640,"SD110640",50,2017-07-07
5641,"IA02130-2-2",10,2017-07-07
5642,"MN09223",30,2017-07-07
5643,"Marvelous",40,2017-07-07
5644,"SD051005",30,2017-07-07
5645,"WIX9287-2",20,2017-07-07
5646,"MN05157",40,2017-07-07
5647,"SD090893",40,2017-07-07
5648,"MN09103",40,2017-07-07
5649,"MN11139",5,2017-07-07
5650,"WPAT04P03-PY3B",30,2017-07-07
5651,"MN11110",30,2017-07-07
5652,"SD110605",30,2017-07-07
5653,"IL09-5508",30,2017-07-07
5654,"SD111922",30,2017-07-07
5655,"Portage",30,2017-07-07
5656,"Deon",20,2017-07-07
5657,"P021A1-66-2",40,2017-07-07
5658,"IL09-6937",40,2017-07-07
5659,"SD110304",40,2017-07-07
5660,"ND021612",30,2017-07-07
5661,"Ogle",20,2017-07-07
5662,"Deon",30,2017-07-07
5663,"IL11-5748",40,2017-07-07
5704,"IA01005-2",30,2017-07-07
5705,"ND051312",20,2017-07-07
5706,"MN03114",40,2017-07-07
5707,"MN09119",30,2017-07-07
5708,"ANDREW",30,2017-07-07
5709,"MN08252",20,2017-07-07
5710,"SD030888",40,2017-07-07
5711,"SD111753",30,2017-07-07
5712,"IL09-2838",30,2017-07-07
5673,"SD120524",20,2017-07-07
5674,"P0541A1-1",40,2017-07-07
5675,"SD041405",30,2017-07-07
5676,"SD110466",10,2017-07-07
5677,"ND060182",20,2017-07-07
5678,"MN04242",30,2017-07-07
5679,"ND040492",30,2017-07-07
5680,"SD111736",30,2017-07-07
5681,"NEWBURG",40,2017-07-07
5682,"MN07204",20,2017-07-07
5683,"SD080788",30,2017-07-07
5684,"MNBT1020-1",1,2017-07-07
5685,"MN841801-1",30,2017-07-07
5686,"SD100184",20,2017-07-07
5687,"MN08243",20,2017-07-07
5688,"SD120266",20,2017-07-07
5689,"WIX8787-3",10,2017-07-07
5690,"SD60130",30,2017-07-07
5691,"MN04136",40,2017-07-07
5692,"MN07208",30,2017-07-07
5693,"MN841801-1",50,2017-07-07
5694,"OA1342-2",30,2017-07-07
5695,"AAC_OAKLIN",30,2017-07-07
5696,"03P26A-BV3A",20,2017-07-07
5697,"P0216A1-1-45",30,2017-07-07
5698,"IL08-9201",60,2017-07-07
5699,"ND040250",30,2017-07-07
5700,"IL06-3761",40,2017-07-07
5701,"SD090248",20,2017-07-07
5702,"WIX8787-4",30,2017-07-07
5703,"SD61081",30,2017-07-07
5501,"SD100719",30,2017-07-07
5502,"MN06213",40,2017-07-07
5503,"IL08-2010",40,2017-07-07
5504,"SD081577",30,2017-07-07
5505,"ND090807",30,2017-07-07
5506,"SHELBY427",30,2017-07-07
5507,"WIX10055-8",20,2017-07-07
5508,"SD050938",30,2017-07-07
5509,"WIX9562-5",5,2017-07-07
5510,"LAO-1012-040",30,2017-07-07
5511,"IL00-1030",30,2017-07-07
5512,"SD120289",20,2017-07-07
5513,"LEGGETT",20,2017-07-07
5514,"WIX8787-2",30,2017-07-07
5515,"SD080611",40,2017-07-07
5516,"MORTON",30,2017-07-07
5517,"ND100362",20,2017-07-07
5518,"Deon",30,2017-07-07
5519,"OPTIMUM",30,2017-07-07
5520,"MN841801-1",20,2017-07-07
5521,"Portage",30,2017-07-07
5522,"SD090240",30,2017-07-07
5523,"MN02231",30,2017-07-07
5524,"ND070182",20,2017-07-07
5525,"SD081038",30,2017-07-07
5526,"IA02130-2-3",40,2017-07-07
5527,"Marvelous",30,2017-07-07
5528,"SD050616",30,2017-07-07
5529,"Ogle",20,2017-07-07
5530,"IL07-8258",40,2017-07-07
5531,"SD090882",40,2017-07-07
5532,"MN10253",20,2017-07-07
5533,"SD60980",20,2017-07-07
5534,"SD120069",20,2017-07-07
5535,"CLINTFORD",30,2017-07-07
5536,"SD120640",20,2017-07-07
5537,"IL09-5239",40,2017-07-07
5538,"OTEE",40,2017-07-07
5539,"MNBT1021-1",5,2017-07-07
5540,"SD081949",20,2017-07-07
5541,"MN841801-1",20,2017-07-07
5542,"Deon",20,2017-07-07
5543,"IL05-9931",30,2017-07-07
5544,"P075A1-3-2",60,2017-07-07
5545,"P0528A1-1",50,2017-07-07
5546,"MN04120",40,2017-07-07
5547,"Portage",30,2017-07-07
5548,"SD050716",30,2017-07-07
5549,"MN10121",30,2017-07-07
5550,"MN11221",20,2017-07-07
5551,"ND051306",20,2017-07-07
5552,"MN06120",30,2017-07-07
5553,"SD120316",10,2017-07-07
5554,"IA02168-1-1",50,2017-07-07
5555,"ND090709",30,2017-07-07
5556,"Marvelous",20,2017-07-07
5557,"CLINTLAND64",20,2017-07-07
5558,"MN841801-1",20,2017-07-07
5559,"Deon",20,2017-07-07
5560,"OA1341-1",30,2017-07-07
5561,"SD110808",20,2017-07-07
5562,"IL06-8153",40,2017-07-07
5563,"WIX9082-1",10,2017-07-07
5564,"06P04A-E07B3",10,2017-07-07
5565,"P0714A1-29-2",30,2017-07-07
5566,"COLT",40,2017-07-07
5567,"IL05-3337",40,2017-07-07
5568,"ND070388",20,2017-07-07
5569,"SD041445-93",30,2017-07-07
5570,"P021A1-78-1",40,2017-07-07
5571,"ND030349",30,2017-07-07
5572,"Deon",20,2017-07-07
5573,"SD111946",30,2017-07-07
5574,"P973A38-9-3-2-29",30,2017-07-07
5575,"WIX9414-1",10,2017-07-07
5576,"MN08260",20,2017-07-07
5577,"SD041445-119",30,2017-07-07
5578,"MN11211",20,2017-07-07
5579,"IL02-5630",40,2017-07-07
5580,"SD100644",40,2017-07-07
5581,"MN11211",20,2017-07-07
5582,"Marvelous",40,2017-07-07
5583,"MN09115",40,2017-07-07
5584,"MN08160",50,2017-07-07
5585,"SD031128-245",40,2017-07-07
5586,"WIX9221-8",20,2017-07-07
5587,"04P07B-GN1C",20,2017-07-07
5588,"ND101473",20,2017-07-07
5589,"P9741A1-4-6-86",30,2017-07-07
5590,"SD100454",30,2017-07-07
5591,"AAC_ROSKENS",30,2017-07-07
5592,"MN10209",30,2017-07-07
5593,"SD120553",30,2017-07-07
5594,"SD120129",30,2017-07-07
5595,"ND021052",40,2017-07-07
5596,"Deon",30,2017-07-07
5597,"OA1256-1",30,2017-07-07
5598,"SD120296",30,2017-07-07
5599,"OT2083",30,2017-07-07
5600,"ND111357",20,2017-07-07
5601,"Deon",20,2017-07-07
5602,"OA1253-1",20,2017-07-07
5603,"SD041016",30,2017-07-07
5604,"WIX10045-9",1,2017-07-07
5605,"SD110765",30,2017-07-07
5606,"OA1357-2",20,2017-07-07
5607,"SD61433",40,2017-07-07
5608,"ND040196",40,2017-07-07
5609,"MN02234",40,2017-07-07
5610,"WIX9487-1",30,2017-07-07
5611,"OA1331-6",30,2017-07-07
5612,"IL05-7133",40,2017-07-07
5613,"ND090868",20,2017-07-07
5614,"IL04-7077",40,2017-07-07
5615,"SD090880",30,2017-07-07
5616,"WIX10045-12",1,2017-07-07
5617,"IL10-9867",20,2017-07-07
5618,"Portage",30,2017-07-07
5619,"Ogle",30,2017-07-07
5620,"Deon",30,2017-07-07
5621,"P021A1-78-1-5",40,2017-07-07
5622,"ND011054",30,2017-07-07
5623,"IL06-5465",40,2017-07-07
5624,"HORSEPOWER",30,2017-07-07
5625,"ND102000",20,2017-07-07
5626,"SD110470",30,2017-07-07
5627,"AC_ASSINIBOIA",30,2017-07-07
5628,"SD050608",20,2017-07-07
5629,"SD111931",20,2017-07-07
5630,"DON",50,2017-07-07
5631,"MN04232",40,2017-07-07
5632,"BETAGENE",10,2017-07-07
5633,"WIX8791-1",20,2017-07-07
5634,"IL02-8011",40,2017-07-07
5635,"SD091510",40,2017-07-07
5636,"P0528A1-6-1",30,2017-07-07
5758,"MN07104",30,2017-07-07
5759,"MN05205",30,2017-07-07
5760,"AAC_ALMONTE",20,2017-07-07
5761,"GOPHER",40,2017-07-07
5762,"IA02010-2-1",40,2017-07-07
5763,"SD050612",40,2017-07-07
5764,"WIX9449-1",30,2017-07-07
5765,"WIX9897-5",20,2017-07-07
5766,"SD082192",60,2017-07-07
5767,"SD041451",40,2017-07-07
5768,"P075A1-7",30,2017-07-07
5769,"SD020883-109",40,2017-07-07
5770,"SD041445",40,2017-07-07
5771,"SD100015",40,2017-07-07
5772,"KAME",40,2017-07-07
5773,"Deon",20,2017-07-07
5774,"SD050945",40,2017-07-07
5775,"Ogle",40,2017-07-07
5776,"SD101027",50,2017-07-07
5777,"IA02023-2-1",40,2017-07-07
5778,"P0216A1-1",40,2017-07-07
5779,"MN08211",20,2017-07-07
5780,"00P28-AN01B1",20,2017-07-07
5781,"ND080816",30,2017-07-07
5782,"MN09256",20,2017-07-07
5783,"SD081644",30,2017-07-07
5784,"NATTY",30,2017-07-07
5785,"WIX9528-1",10,2017-07-07
5786,"WIX9878-3",10,2017-07-07
5787,"IL02-8663",40,2017-07-07
5788,"Deon",30,2017-07-07
5748,"MN09255",30,2017-07-07
5750,"MN06203",30,2017-07-07
5751,"Ogle",40,2017-07-07
5752,"Deon",30,2017-07-07
5713,"ND020965",30,2017-07-07
5714,"MN841801-1",30,2017-07-07
5715,"SD111939",40,2017-07-07
5716,"REINS",50,2017-07-07
5717,"Marvelous",30,2017-07-07
5718,"IL11-2353",40,2017-07-07
5719,"SD081085",50,2017-07-07
5720,"HA08-03X15-1",40,2017-07-07
5721,"WIX9645-1",30,2017-07-07
5722,"Deon",30,2017-07-07
5723,"HAYDEN",30,2017-07-07
5724,"AAC_NICOLAS",20,2017-07-07
5725,"LAO-1104-028C1",20,2017-07-07
5726,"MN05237",30,2017-07-07
5727,"IL09-5745",40,2017-07-07
5728,"MN11140",20,2017-07-07
5729,"WIX10088-6",30,2017-07-07
5730,"ND050490",40,2017-07-07
5731,"SD120456",40,2017-07-07
5732,"SD090510",40,2017-07-07
5733,"SD120638",30,2017-07-07
5734,"ND060342",40,2017-07-07
5735,"BADGER",70,2017-07-07
5736,"OT2074",20,2017-07-07
5737,"SD090780",40,2017-07-07
5738,"RON",30,2017-07-07
5739,"SD090552",30,2017-07-07
5740,"P021A1-25-53",60,2017-07-07
5741,"P021A1-25",40,2017-07-07
5742,"HA07-02X22-3",40,2017-07-07
5743,"SD090965",30,2017-07-07
5744,"WIX9150-1",20,2017-07-07
5745,"MN10130",20,2017-07-07
5746,"IL07-8721",40,2017-07-07
5747,"SABER",50,2017-07-07
5756,"04P07A-BS5C",20,2017-07-07
5753,"MN09230",40,2017-07-07
5754,"OA1271-3",30,2017-07-07
5755,"SD050834",30,2017-07-07
5757,"WIX9500-6",5,2017-07-07
5744,"WIX9150-1",20,2017-07-10
5746,"IL07-8721",70,2017-07-10
5747,"SABER",80,2017-07-10
5748,"MN09255",50,2017-07-10
5745,"MN10130",60,2017-07-10
5754,"OA1271-3",70,2017-07-10
5755,"SD050834",80,2017-07-10
5756,"04P07A-BS5C",40,2017-07-10
5757,"WIX9500-6",10,2017-07-10
5758,"MN07104",70,2017-07-10
5759,"MN05205",60,2017-07-10
5760,"AAC_ALMONTE",50,2017-07-10
5761,"GOPHER",80,2017-07-10
5762,"IA02010-2-1",90,2017-07-10
5763,"SD050612",80,2017-07-10
5764,"WIX9449-1",60,2017-07-10
5765,"WIX9897-5",60,2017-07-10
5766,"SD082192",100,2017-07-10
5767,"SD041451",60,2017-07-10
5768,"P075A1-7",70,2017-07-10
5769,"SD020883-109",70,2017-07-10
5770,"SD041445",50,2017-07-10
5771,"SD100015",60,2017-07-10
5772,"KAME",70,2017-07-10
5773,"Deon",30,2017-07-10
5774,"SD050945",70,2017-07-10
5775,"Ogle",70,2017-07-10
5776,"SD101027",90,2017-07-10
5777,"IA02023-2-1",90,2017-07-10
5778,"P0216A1-1",70,2017-07-10
5779,"MN08211",30,2017-07-10
5780,"00P28-AN01B1",40,2017-07-10
5781,"ND080816",40,2017-07-10
5782,"MN09256",20,2017-07-10
5783,"SD081644",80,2017-07-10
5784,"NATTY",60,2017-07-10
5785,"WIX9528-1",20,2017-07-10
5786,"WIX9878-3",10,2017-07-10
5787,"IL02-8663",80,2017-07-10
5788,"Deon",50,2017-07-10
5750,"MN06203",60,2017-07-10
5751,"Ogle",80,2017-07-10
5752,"Deon",60,2017-07-10
5753,"MN09230",70,2017-07-10
5713,"ND020965",30,2017-07-10
5714,"MN841801-1",30,2017-07-10
5715,"SD111939",40,2017-07-10
5716,"REINS",90,2017-07-10
5717,"Marvelous",30,2017-07-10
5718,"IL11-2353",50,2017-07-10
5719,"SD081085",80,2017-07-10
5720,"HA08-03X15-1",70,2017-07-10
5721,"WIX9645-1",30,2017-07-10
5722,"Deon",30,2017-07-10
5723,"HAYDEN",50,2017-07-10
5724,"AAC_NICOLAS",50,2017-07-10
5725,"LAO-1104-028C1",20,2017-07-10
5726,"MN05237",70,2017-07-10
5727,"IL09-5745",80,2017-07-10
5728,"MN11140",20,2017-07-10
5729,"WIX10088-6",30,2017-07-10
5730,"ND050490",50,2017-07-10
5731,"SD120456",60,2017-07-10
5732,"SD090510",60,2017-07-10
5733,"SD120638",50,2017-07-10
5734,"ND060342",60,2017-07-10
5735,"BADGER",80,2017-07-10
5736,"OT2074",40,2017-07-10
5737,"SD090780",80,2017-07-10
5738,"RON",40,2017-07-10
5739,"SD090552",50,2017-07-10
5740,"P021A1-25-53",90,2017-07-10
5741,"P021A1-25",80,2017-07-10
5742,"HA07-02X22-3",70,2017-07-10
5743,"SD090965",60,2017-07-10
5501,"SD100719",70,2017-07-10
5502,"MN06213",70,2017-07-10
5503,"IL08-2010",60,2017-07-10
5504,"SD081577",50,2017-07-10
5505,"ND090807",60,2017-07-10
5506,"SHELBY427",90,2017-07-10
5507,"WIX10055-8",20,2017-07-10
5508,"SD050938",70,2017-07-10
5509,"WIX9562-5",10,2017-07-10
5510,"LAO-1012-040",60,2017-07-10
5511,"IL00-1030",70,2017-07-10
5512,"SD120289",40,2017-07-10
5513,"LEGGETT",40,2017-07-10
5514,"WIX8787-2",40,2017-07-10
5515,"SD080611",90,2017-07-10
5516,"MORTON",50,2017-07-10
5517,"ND100362",30,2017-07-10
5518,"Deon",30,2017-07-10
5519,"OPTIMUM",50,2017-07-10
5520,"MN841801-1",30,2017-07-10
5521,"Portage",50,2017-07-10
5522,"SD090240",50,2017-07-10
5523,"MN02231",50,2017-07-10
5524,"ND070182",40,2017-07-10
5525,"SD081038",60,2017-07-10
5526,"IA02130-2-3",50,2017-07-10
5527,"Marvelous",40,2017-07-10
5528,"SD050616",60,2017-07-10
5529,"Ogle",50,2017-07-10
5530,"IL07-8258",90,2017-07-10
5531,"SD090882",80,2017-07-10
5532,"MN10253",40,2017-07-10
5533,"SD60980",50,2017-07-10
5534,"SD120069",60,2017-07-10
5535,"CLINTFORD",50,2017-07-10
5536,"SD120640",40,2017-07-10
5537,"IL09-5239",80,2017-07-10
5538,"OTEE",90,2017-07-10
5539,"MNBT1021-1",1,2017-07-10
5540,"SD081949",80,2017-07-10
5541,"MN841801-1",30,2017-07-10
5542,"Deon",30,2017-07-10
5543,"IL05-9931",40,2017-07-10
5544,"P075A1-3-2",100,2017-07-10
5545,"P0528A1-1",80,2017-07-10
5546,"MN04120",50,2017-07-10
5547,"Portage",60,2017-07-10
5548,"SD050716",60,2017-07-10
5549,"MN10121",60,2017-07-10
5550,"MN11221",40,2017-07-10
5551,"ND051306",40,2017-07-10
5552,"MN06120",80,2017-07-10
5553,"SD120316",40,2017-07-10
5554,"IA02168-1-1",100,2017-07-10
5555,"ND090709",50,2017-07-10
5556,"Marvelous",30,2017-07-10
5557,"CLINTLAND64",50,2017-07-10
5558,"MN841801-1",30,2017-07-10
5559,"Deon",20,2017-07-10
5560,"OA1341-1",40,2017-07-10
5561,"SD110808",40,2017-07-10
5562,"IL06-8153",70,2017-07-10
5563,"WIX9082-1",20,2017-07-10
5564,"06P04A-E07B3",30,2017-07-10
5565,"P0714A1-29-2",40,2017-07-10
5566,"COLT",80,2017-07-10
5567,"IL05-3337",90,2017-07-10
5568,"ND070388",40,2017-07-10
5569,"SD041445-93",50,2017-07-10
5570,"P021A1-78-1",60,2017-07-10
5571,"ND030349",40,2017-07-10
5572,"Deon",20,2017-07-10
5573,"SD111946",40,2017-07-10
5574,"P973A38-9-3-2-29",40,2017-07-10
5575,"WIX9414-1",20,2017-07-10
5576,"MN08260",30,2017-07-10
5577,"SD041445-119",30,2017-07-10
5578,"MN11211",40,2017-07-10
5579,"IL02-5630",70,2017-07-10
5580,"SD100644",50,2017-07-10
5581,"MN11211",40,2017-07-10
5582,"Marvelous",30,2017-07-10
5583,"MN09115",50,2017-07-10
5584,"MN08160",50,2017-07-10
5585,"SD031128-245",80,2017-07-10
5586,"WIX9221-8",20,2017-07-10
5587,"04P07B-GN1C",10,2017-07-10
5588,"ND101473",40,2017-07-10
5589,"P9741A1-4-6-86",50,2017-07-10
5590,"SD100454",50,2017-07-10
5591,"AAC_ROSKENS",40,2017-07-10
5592,"MN10209",40,2017-07-10
5593,"SD120553",20,2017-07-10
5594,"SD120129",40,2017-07-10
5595,"ND021052",70,2017-07-10
5596,"Deon",40,2017-07-10
5597,"OA1256-1",40,2017-07-10
5598,"SD120296",30,2017-07-10
5599,"OT2083",40,2017-07-10
5600,"ND111357",30,2017-07-10
5601,"Deon",10,2017-07-10
5602,"OA1253-1",40,2017-07-10
5603,"SD041016",30,2017-07-10
5604,"WIX10045-9",5,2017-07-10
5605,"SD110765",40,2017-07-10
5606,"OA1357-2",30,2017-07-10
5607,"SD61433",50,2017-07-10
5608,"ND040196",40,2017-07-10
5609,"MN02234",50,2017-07-10
5610,"WIX9487-1",20,2017-07-10
5611,"OA1331-6",40,2017-07-10
5612,"IL05-7133",70,2017-07-10
5613,"ND090868",30,2017-07-10
5614,"IL04-7077",70,2017-07-10
5615,"SD090880",60,2017-07-10
5616,"WIX10045-12",5,2017-07-10
5617,"IL10-9867",30,2017-07-10
5618,"Portage",40,2017-07-10
5619,"Ogle",50,2017-07-10
5620,"Deon",40,2017-07-10
5621,"P021A1-78-1-5",80,2017-07-10
5622,"ND011054",40,2017-07-10
5623,"IL06-5465",90,2017-07-10
5624,"HORSEPOWER",80,2017-07-10
5625,"ND102000",40,2017-07-10
5626,"SD110470",60,2017-07-10
5627,"AC_ASSINIBOIA",50,2017-07-10
5628,"SD050608",40,2017-07-10
5629,"SD111931",40,2017-07-10
5630,"DON",80,2017-07-10
5631,"MN04232",60,2017-07-10
5632,"BETAGENE",20,2017-07-10
5633,"WIX8791-1",30,2017-07-10
5634,"IL02-8011",90,2017-07-10
5635,"SD091510",80,2017-07-10
5636,"P0528A1-6-1",80,2017-07-10
5637,"SD081563",50,2017-07-10
5638,"P0528A1-1-1",80,2017-07-10
5639,"MN09105",70,2017-07-10
5640,"SD110640",90,2017-07-10
5641,"IA02130-2-2",30,2017-07-10
5642,"MN09223",40,2017-07-10
5643,"Marvelous",40,2017-07-10
5644,"SD051005",50,2017-07-10
5645,"WIX9287-2",40,2017-07-10
5646,"MN05157",50,2017-07-10
5647,"SD090893",70,2017-07-10
5648,"MN09103",70,2017-07-10
5649,"MN11139",5,2017-07-10
5650,"WPAT04P03-PY3B",40,2017-07-10
5651,"MN11110",40,2017-07-10
5652,"SD110605",40,2017-07-10
5653,"IL09-5508",50,2017-07-10
5654,"SD111922",50,2017-07-10
5655,"Portage",40,2017-07-10
5656,"Deon",20,2017-07-10
5657,"P021A1-66-2",80,2017-07-10
5658,"IL09-6937",70,2017-07-10
5659,"SD110304",70,2017-07-10
5660,"ND021612",70,2017-07-10
5661,"Ogle",60,2017-07-10
5662,"Deon",30,2017-07-10
5663,"IL11-5748",60,2017-07-10
5664,"Portage",70,2017-07-10
5665,"01G04-CC3E",30,2017-07-10
5666,"SD100602",70,2017-07-10
5667,"MN11231",20,2017-07-10
5668,"SD080348",90,2017-07-10
5669,"SD081107",60,2017-07-10
5670,"SD100198",80,2017-07-10
5671,"MN05119",50,2017-07-10
5672,"MN08138",60,2017-07-10
5673,"SD120524",40,2017-07-10
5674,"P0541A1-1",70,2017-07-10
5675,"SD041405",40,2017-07-10
5676,"SD110466",20,2017-07-10
5677,"ND060182",20,2017-07-10
5678,"MN04242",60,2017-07-10
5679,"ND040492",60,2017-07-10
5680,"SD111736",70,2017-07-10
5681,"NEWBURG",70,2017-07-10
5682,"MN07204",30,2017-07-10
5683,"SD080788",60,2017-07-10
5684,"MNBT1020-1",1,2017-07-10
5685,"MN841801-1",20,2017-07-10
5686,"SD100184",30,2017-07-10
5687,"MN08243",30,2017-07-10
5688,"SD120266",20,2017-07-10
5689,"WIX8787-3",20,2017-07-10
5690,"SD60130",50,2017-07-10
5691,"MN04136",50,2017-07-10
5692,"MN07208",40,2017-07-10
5693,"MN841801-1",50,2017-07-10
5694,"OA1342-2",60,2017-07-10
5695,"AAC_OAKLIN",50,2017-07-10
5696,"03P26A-BV3A",20,2017-07-10
5697,"P0216A1-1-45",50,2017-07-10
5698,"IL08-9201",90,2017-07-10
5699,"ND040250",50,2017-07-10
5700,"IL06-3761",90,2017-07-10
5701,"SD090248",40,2017-07-10
5702,"WIX8787-4",30,2017-07-10
5703,"SD61081",60,2017-07-10
5704,"IA01005-2",40,2017-07-10
5705,"ND051312",40,2017-07-10
5706,"MN03114",80,2017-07-10
5707,"MN09119",70,2017-07-10
5708,"ANDREW",70,2017-07-10
5709,"MN08252",30,2017-07-10
5710,"SD030888",70,2017-07-10
5711,"SD111753",50,2017-07-10
5712,"IL09-2838",80,2017-07-10
5545,"P0528A1-1",30,2017-06-21
5546,"MN04120",30,2017-06-21
5549,"MN10121",30,2017-06-21
5550,"MN11221",20,2017-06-21
5547,"Portage",30,2017-06-21
5548,"SD050716",30,2017-06-21
5553,"SD120316",20,2017-06-21
5554,"IA02168-1-1",30,2017-06-21
5551,"ND051306",10,2017-06-21
5552,"MN06120",20,2017-06-21
5557,"CLINTLAND64",10,2017-06-21
5558,"MN841801-1",20,2017-06-21
5559,"Deon",10,2017-06-21
5560,"OA1341-1",10,2017-06-21
5561,"SD110808",10,2017-06-21
5562,"IL06-8153",20,2017-06-21
5563,"WIX9082-1",5,2017-06-21
5564,"06P04A-E07B3",10,2017-06-21
5565,"P0714A1-29-2",10,2017-06-21
5566,"COLT",10,2017-06-21
5567,"IL05-3337",10,2017-06-21
5555,"ND090709",40,2017-06-21
5556,"Marvelous",20,2017-06-21
5570,"P021A1-78-1",10,2017-06-21
5571,"ND030349",10,2017-06-21
5572,"Deon",5,2017-06-21
5573,"SD111946",5,2017-06-21
5574,"P973A38-9-3-2-29",10,2017-06-21
5575,"WIX9414-1",5,2017-06-21
5576,"MN08260",5,2017-06-21
5577,"SD041445-119",10,2017-06-21
5578,"MN11211",5,2017-06-21
5579,"IL02-5630",10,2017-06-21
5580,"SD100644",10,2017-06-21
5568,"ND070388",10,2017-06-21
5569,"SD041445-93",10,2017-06-21
5583,"MN09115",10,2017-06-21
5584,"MN08160",5,2017-06-21
5585,"SD031128-245",10,2017-06-21
5586,"WIX9221-8",5,2017-06-21
5587,"04P07B-GN1C",1,2017-06-21
5588,"ND101473",5,2017-06-21
5589,"P9741A1-4-6-86",10,2017-06-21
5590,"SD100454",10,2017-06-21
5591,"AAC_ROSKENS",5,2017-06-21
5592,"MN10209",10,2017-06-21
5593,"SD120553",10,2017-06-21
5594,"SD120129",5,2017-06-21
5595,"ND021052",20,2017-06-21
5596,"Deon",10,2017-06-21
5597,"OA1256-1",5,2017-06-21
5598,"SD120296",5,2017-06-21
5599,"OT2083",10,2017-06-21
5600,"ND111357",5,2017-06-21
5601,"Deon",5,2017-06-21
5602,"OA1253-1",10,2017-06-21
5603,"SD041016",5,2017-06-21
5604,"WIX10045-9",1,2017-06-21
5605,"SD110765",10,2017-06-21
5606,"OA1357-2",5,2017-06-21
5607,"SD61433",5,2017-06-21
5608,"ND040196",10,2017-06-21
5609,"MN02234",5,2017-06-21
5610,"WIX9487-1",1,2017-06-21
5611,"OA1331-6",10,2017-06-21
5612,"IL05-7133",10,2017-06-21
5613,"ND090868",5,2017-06-21
5614,"IL04-7077",10,2017-06-21
5615,"SD090880",5,2017-06-21
5616,"WIX10045-12",1,2017-06-21
5617,"IL10-9867",5,2017-06-21
5618,"Portage",10,2017-06-21
5619,"Ogle",10,2017-06-21
5620,"Deon",1,2017-06-21
5581,"MN11211",5,2017-06-21
5582,"Marvelous",10,2017-06-21
5501,"SD100719",10,2017-06-21
5502,"MN06213",10,2017-06-21
5503,"IL08-2010",10,2017-06-21
5504,"SD081577",10,2017-06-21
5505,"ND090807",10,2017-06-21
5506,"SHELBY427",10,2017-06-21
5507,"WIX10055-8",5,2017-06-21
5508,"SD050938",10,2017-06-21
5509,"WIX9562-5",5,2017-06-21
5510,"LAO-1012-040",10,2017-06-21
5511,"IL00-1030",10,2017-06-21
5512,"SD120289",1,2017-06-21
5513,"LEGGETT",1,2017-06-21
5514,"WIX8787-2",5,2017-06-21
5515,"SD080611",10,2017-06-21
5516,"MORTON",10,2017-06-21
5517,"ND100362",10,2017-06-21
5518,"Deon",5,2017-06-21
5519,"OPTIMUM",5,2017-06-21
5520,"MN841801-1",10,2017-06-21
5521,"Portage",10,2017-06-21
5522,"SD090240",10,2017-06-21
5523,"MN02231",10,2017-06-21
5524,"ND070182",5,2017-06-21
5525,"SD081038",10,2017-06-21
5526,"IA02130-2-3",10,2017-06-21
5527,"Marvelous",10,2017-06-21
5528,"SD050616",10,2017-06-21
5529,"Ogle",10,2017-06-21
5530,"IL07-8258",20,2017-06-21
5531,"SD090882",10,2017-06-21
5532,"MN10253",10,2017-06-21
5533,"SD60980",10,2017-06-21
5534,"SD120069",5,2017-06-21
5535,"CLINTFORD",10,2017-06-21
5536,"SD120640",5,2017-06-21
5537,"IL09-5239",20,2017-06-21
5538,"OTEE",20,2017-06-21
5539,"MNBT1021-1",0,2017-06-21
5540,"SD081949",10,2017-06-21
5541,"MN841801-1",10,2017-06-21
5542,"Deon",10,2017-06-21
5543,"IL05-9931",20,2017-06-21
5544,"P075A1-3-2",30,2017-06-21
5666,"SD100602",10,2017-06-21
5667,"MN11231",5,2017-06-21
5668,"SD080348",10,2017-06-21
5669,"SD081107",5,2017-06-21
5670,"SD100198",10,2017-06-21
5671,"MN05119",10,2017-06-21
5672,"MN08138",10,2017-06-21
5673,"SD120524",10,2017-06-21
5674,"P0541A1-1",10,2017-06-21
5675,"SD041405",10,2017-06-21
5676,"SD110466",1,2017-06-21
5677,"ND060182",10,2017-06-21
5678,"MN04242",10,2017-06-21
5679,"ND040492",10,2017-06-21
5680,"SD111736",10,2017-06-21
5681,"NEWBURG",10,2017-06-21
5682,"MN07204",5,2017-06-21
5683,"SD080788",5,2017-06-21
5684,"MNBT1020-1",0,2017-06-21
5685,"MN841801-1",10,2017-06-21
5686,"SD100184",5,2017-06-21
5687,"MN08243",10,2017-06-21
5688,"SD120266",10,2017-06-21
5689,"WIX8787-3",5,2017-06-21
5690,"SD60130",5,2017-06-21
5691,"MN04136",10,2017-06-21
5692,"MN07208",10,2017-06-21
5693,"MN841801-1",10,2017-06-21
5694,"OA1342-2",10,2017-06-21
5695,"AAC_OAKLIN",10,2017-06-21
5696,"03P26A-BV3A",5,2017-06-21
5697,"P0216A1-1-45",10,2017-06-21
5698,"IL08-9201",10,2017-06-21
5699,"ND040250",10,2017-06-21
5700,"IL06-3761",10,2017-06-21
5701,"SD090248",10,2017-06-21
5702,"WIX8787-4",5,2017-06-21
5703,"SD61081",10,2017-06-21
5704,"IA01005-2",5,2017-06-21
5705,"ND051312",5,2017-06-21
5706,"MN03114",10,2017-06-21
5707,"MN09119",10,2017-06-21
5708,"ANDREW",10,2017-06-21
5709,"MN08252",5,2017-06-21
5710,"SD030888",10,2017-06-21
5711,"SD111753",10,2017-06-21
5712,"IL09-2838",10,2017-06-21
5713,"ND020965",10,2017-06-21
5714,"MN841801-1",10,2017-06-21
5715,"SD111939",10,2017-06-21
5716,"REINS",5,2017-06-21
5717,"Marvelous",5,2017-06-21
5718,"IL11-2353",5,2017-06-21
5719,"SD081085",10,2017-06-21
5720,"HA08-03X15-1",10,2017-06-21
5721,"WIX9645-1",10,2017-06-21
5722,"Deon",5,2017-06-21
5723,"HAYDEN",10,2017-06-21
5724,"AAC_NICOLAS",10,2017-06-21
5725,"LAO-1104-028C1",10,2017-06-21
5726,"MN05237",10,2017-06-21
5727,"IL09-5745",10,2017-06-21
5728,"MN11140",5,2017-06-21
5729,"WIX10088-6",5,2017-06-21
5730,"ND050490",10,2017-06-21
5731,"SD120456",10,2017-06-21
5732,"SD090510",10,2017-06-21
5733,"SD120638",5,2017-06-21
5734,"ND060342",20,2017-06-21
5735,"BADGER",10,2017-06-21
5736,"OT2074",10,2017-06-21
5737,"SD090780",20,2017-06-21
5738,"RON",20,2017-06-21
5739,"SD090552",20,2017-06-21
5740,"P021A1-25-53",10,2017-06-21
5741,"P021A1-25",30,2017-06-21
5621,"P021A1-78-1-5",10,2017-06-21
5622,"ND011054",10,2017-06-21
5623,"IL06-5465",10,2017-06-21
5624,"HORSEPOWER",10,2017-06-21
5625,"ND102000",10,2017-06-21
5626,"SD110470",5,2017-06-21
5627,"AC_ASSINIBOIA",10,2017-06-21
5628,"SD050608",10,2017-06-21
5629,"SD111931",10,2017-06-21
5630,"DON",10,2017-06-21
5631,"MN04232",10,2017-06-21
5632,"BETAGENE",5,2017-06-21
5633,"WIX8791-1",5,2017-06-21
5634,"IL02-8011",10,2017-06-21
5635,"SD091510",20,2017-06-21
5636,"P0528A1-6-1",10,2017-06-21
5637,"SD081563",10,2017-06-21
5638,"P0528A1-1-1",10,2017-06-21
5639,"MN09105",20,2017-06-21
5640,"SD110640",20,2017-06-21
5641,"IA02130-2-2",10,2017-06-21
5642,"MN09223",10,2017-06-21
5643,"Marvelous",20,2017-06-21
5644,"SD051005",10,2017-06-21
5645,"WIX9287-2",20,2017-06-21
5646,"MN05157",20,2017-06-21
5647,"SD090893",10,2017-06-21
5648,"MN09103",20,2017-06-21
5649,"MN11139",10,2017-06-21
5650,"WPAT04P03-PY3B",5,2017-06-21
5651,"MN11110",10,2017-06-21
5652,"SD110605",20,2017-06-21
5653,"IL09-5508",10,2017-06-21
5654,"SD111922",20,2017-06-21
5655,"Portage",20,2017-06-21
5656,"Deon",10,2017-06-21
5657,"P021A1-66-2",10,2017-06-21
5658,"IL09-6937",10,2017-06-21
5659,"SD110304",10,2017-06-21
5660,"ND021612",10,2017-06-21
5661,"Ogle",10,2017-06-21
5662,"Deon",10,2017-06-21
5663,"IL11-5748",10,2017-06-21
5664,"Portage",10,2017-06-21
5665,"01G04-CC3E",5,2017-06-21
5787,"IL02-8663",10,2017-06-21
5788,"Deon",5,2017-06-21
5748,"MN09255",10,2017-06-21
5750,"MN06203",20,2017-06-21
5751,"Ogle",20,2017-06-21
5752,"Deon",10,2017-06-21
5753,"MN09230",10,2017-06-21
5754,"OA1271-3",5,2017-06-21
5755,"SD050834",10,2017-06-21
5756,"04P07A-BS5C",1,2017-06-21
5757,"WIX9500-6",5,2017-06-21
5758,"MN07104",10,2017-06-21
5759,"MN05205",10,2017-06-21
5760,"AAC_ALMONTE",10,2017-06-21
5761,"GOPHER",10,2017-06-21
5762,"IA02010-2-1",10,2017-06-21
5763,"SD050612",10,2017-06-21
5764,"WIX9449-1",1,2017-06-21
5765,"WIX9897-5",5,2017-06-21
5766,"SD082192",10,2017-06-21
5767,"SD041451",10,2017-06-21
5768,"P075A1-7",10,2017-06-21
5769,"SD020883-109",10,2017-06-21
5770,"SD041445",5,2017-06-21
5771,"SD100015",10,2017-06-21
5772,"KAME",10,2017-06-21
5773,"Deon",5,2017-06-21
5774,"SD050945",5,2017-06-21
5775,"Ogle",10,2017-06-21
5776,"SD101027",5,2017-06-21
5777,"IA02023-2-1",5,2017-06-21
5778,"P0216A1-1",5,2017-06-21
5779,"MN08211",1,2017-06-21
5780,"00P28-AN01B1",5,2017-06-21
5781,"ND080816",10,2017-06-21
5742,"HA07-02X22-3",20,2017-06-21
5743,"SD090965",20,2017-06-21
5744,"WIX9150-1",10,2017-06-21
5745,"MN10130",20,2017-06-21
5746,"IL07-8721",20,2017-06-21
5747,"SABER",20,2017-06-21
5782,"MN09256",5,2017-06-21
5783,"SD081644",10,2017-06-21
5784,"NATTY",10,2017-06-21
5785,"WIX9528-1",5,2017-06-21
5786,"WIX9878-3",10,2017-06-21
5624,"HORSEPOWER",20,2017-06-23
5625,"ND102000",20,2017-06-23
5626,"SD110470",10,2017-06-23
5623,"IL06-5465",20,2017-06-23
5628,"SD050608",20,2017-06-23
5629,"SD111931",20,2017-06-23
5630,"DON",20,2017-06-23
5627,"AC_ASSINIBOIA",20,2017-06-23
5636,"P0528A1-6-1",20,2017-06-23
5637,"SD081563",20,2017-06-23
5638,"P0528A1-1-1",30,2017-06-23
5639,"MN09105",30,2017-06-23
5640,"SD110640",30,2017-06-23
5641,"IA02130-2-2",20,2017-06-23
5642,"MN09223",20,2017-06-23
5643,"Marvelous",30,2017-06-23
5631,"MN04232",30,2017-06-23
5632,"BETAGENE",10,2017-06-23
5633,"WIX8791-1",10,2017-06-23
5634,"IL02-8011",20,2017-06-23
5635,"SD091510",30,2017-06-23
5649,"MN11139",10,2017-06-23
5650,"WPAT04P03-PY3B",10,2017-06-23
5651,"MN11110",20,2017-06-23
5652,"SD110605",30,2017-06-23
5653,"IL09-5508",20,2017-06-23
5654,"SD111922",30,2017-06-23
5655,"Portage",20,2017-06-23
5656,"Deon",20,2017-06-23
5644,"SD051005",20,2017-06-23
5645,"WIX9287-2",20,2017-06-23
5646,"MN05157",30,2017-06-23
5647,"SD090893",20,2017-06-23
5648,"MN09103",30,2017-06-23
5662,"Deon",10,2017-06-23
5663,"IL11-5748",20,2017-06-23
5664,"Portage",20,2017-06-23
5665,"01G04-CC3E",10,2017-06-23
5666,"SD100602",20,2017-06-23
5667,"MN11231",20,2017-06-23
5668,"SD080348",20,2017-06-23
5669,"SD081107",10,2017-06-23
5670,"SD100198",20,2017-06-23
5671,"MN05119",20,2017-06-23
5672,"MN08138",20,2017-06-23
5673,"SD120524",10,2017-06-23
5674,"P0541A1-1",20,2017-06-23
5675,"SD041405",20,2017-06-23
5676,"SD110466",5,2017-06-23
5677,"ND060182",10,2017-06-23
5678,"MN04242",20,2017-06-23
5679,"ND040492",20,2017-06-23
5680,"SD111736",20,2017-06-23
5681,"NEWBURG",20,2017-06-23
5682,"MN07204",10,2017-06-23
5683,"SD080788",20,2017-06-23
5684,"MNBT1020-1",0,2017-06-23
5685,"MN841801-1",20,2017-06-23
5686,"SD100184",10,2017-06-23
5687,"MN08243",10,2017-06-23
5688,"SD120266",20,2017-06-23
5689,"WIX8787-3",10,2017-06-23
5690,"SD60130",10,2017-06-23
5691,"MN04136",20,2017-06-23
5692,"MN07208",10,2017-06-23
5693,"MN841801-1",30,2017-06-23
5694,"OA1342-2",10,2017-06-23
5695,"AAC_OAKLIN",20,2017-06-23
5696,"03P26A-BV3A",5,2017-06-23
5657,"P021A1-66-2",20,2017-06-23
5658,"IL09-6937",20,2017-06-23
5659,"SD110304",20,2017-06-23
5660,"ND021612",20,2017-06-23
5661,"Ogle",20,2017-06-23
5621,"P021A1-78-1-5",20,2017-06-23
5622,"ND011054",20,2017-06-23
5501,"SD100719",10,2017-06-23
5502,"MN06213",20,2017-06-23
5503,"IL08-2010",20,2017-06-23
5504,"SD081577",10,2017-06-23
5505,"ND090807",20,2017-06-23
5506,"SHELBY427",20,2017-06-23
5507,"WIX10055-8",5,2017-06-23
5508,"SD050938",20,2017-06-23
5509,"WIX9562-5",10,2017-06-23
5510,"LAO-1012-040",10,2017-06-23
5511,"IL00-1030",20,2017-06-23
5512,"SD120289",1,2017-06-23
5513,"LEGGETT",1,2017-06-23
5514,"WIX8787-2",10,2017-06-23
5515,"SD080611",20,2017-06-23
5516,"MORTON",10,2017-06-23
5517,"ND100362",10,2017-06-23
5518,"Deon",10,2017-06-23
5519,"OPTIMUM",10,2017-06-23
5520,"MN841801-1",20,2017-06-23
5521,"Portage",10,2017-06-23
5522,"SD090240",20,2017-06-23
5523,"MN02231",20,2017-06-23
5524,"ND070182",5,2017-06-23
5525,"SD081038",10,2017-06-23
5526,"IA02130-2-3",20,2017-06-23
5527,"Marvelous",20,2017-06-23
5528,"SD050616",20,2017-06-23
5529,"Ogle",20,2017-06-23
5530,"IL07-8258",20,2017-06-23
5531,"SD090882",20,2017-06-23
5532,"MN10253",20,2017-06-23
5533,"SD60980",20,2017-06-23
5534,"SD120069",5,2017-06-23
5535,"CLINTFORD",10,2017-06-23
5536,"SD120640",10,2017-06-23
5537,"IL09-5239",20,2017-06-23
5538,"OTEE",20,2017-06-23
5539,"MNBT1021-1",1,2017-06-23
5540,"SD081949",20,2017-06-23
5541,"MN841801-1",20,2017-06-23
5542,"Deon",20,2017-06-23
5543,"IL05-9931",20,2017-06-23
5544,"P075A1-3-2",30,2017-06-23
5545,"P0528A1-1",30,2017-06-23
5546,"MN04120",30,2017-06-23
5547,"Portage",20,2017-06-23
5548,"SD050716",20,2017-06-23
5549,"MN10121",20,2017-06-23
5550,"MN11221",30,2017-06-23
5551,"ND051306",20,2017-06-23
5552,"MN06120",20,2017-06-23
5553,"SD120316",20,2017-06-23
5554,"IA02168-1-1",30,2017-06-23
5555,"ND090709",30,2017-06-23
5556,"Marvelous",20,2017-06-23
5557,"CLINTLAND64",20,2017-06-23
5558,"MN841801-1",30,2017-06-23
5559,"Deon",20,2017-06-23
5560,"OA1341-1",20,2017-06-23
5561,"SD110808",20,2017-06-23
5562,"IL06-8153",20,2017-06-23
5563,"WIX9082-1",10,2017-06-23
5564,"06P04A-E07B3",20,2017-06-23
5565,"P0714A1-29-2",20,2017-06-23
5566,"COLT",20,2017-06-23
5567,"IL05-3337",20,2017-06-23
5568,"ND070388",20,2017-06-23
5569,"SD041445-93",20,2017-06-23
5570,"P021A1-78-1",20,2017-06-23
5571,"ND030349",20,2017-06-23
5572,"Deon",10,2017-06-23
5573,"SD111946",10,2017-06-23
5574,"P973A38-9-3-2-29",20,2017-06-23
5575,"WIX9414-1",20,2017-06-23
5576,"MN08260",10,2017-06-23
5577,"SD041445-119",20,2017-06-23
5578,"MN11211",10,2017-06-23
5579,"IL02-5630",20,2017-06-23
5580,"SD100644",20,2017-06-23
5581,"MN11211",10,2017-06-23
5582,"Marvelous",20,2017-06-23
5583,"MN09115",20,2017-06-23
5584,"MN08160",10,2017-06-23
5585,"SD031128-245",20,2017-06-23
5586,"WIX9221-8",10,2017-06-23
5587,"04P07B-GN1C",5,2017-06-23
5588,"ND101473",10,2017-06-23
5589,"P9741A1-4-6-86",20,2017-06-23
5590,"SD100454",20,2017-06-23
5591,"AAC_ROSKENS",20,2017-06-23
5592,"MN10209",20,2017-06-23
5593,"SD120553",20,2017-06-23
5594,"SD120129",10,2017-06-23
5595,"ND021052",20,2017-06-23
5596,"Deon",10,2017-06-23
5597,"OA1256-1",10,2017-06-23
5598,"SD120296",10,2017-06-23
5599,"OT2083",20,2017-06-23
5600,"ND111357",20,2017-06-23
5601,"Deon",20,2017-06-23
5602,"OA1253-1",20,2017-06-23
5603,"SD041016",20,2017-06-23
5604,"WIX10045-9",10,2017-06-23
5605,"SD110765",20,2017-06-23
5606,"OA1357-2",10,2017-06-23
5607,"SD61433",20,2017-06-23
5608,"ND040196",20,2017-06-23
5609,"MN02234",20,2017-06-23
5610,"WIX9487-1",10,2017-06-23
5611,"OA1331-6",20,2017-06-23
5612,"IL05-7133",20,2017-06-23
5613,"ND090868",20,2017-06-23
5614,"IL04-7077",20,2017-06-23
5615,"SD090880",20,2017-06-23
5616,"WIX10045-12",5,2017-06-23
5617,"IL10-9867",10,2017-06-23
5618,"Portage",20,2017-06-23
5619,"Ogle",20,2017-06-23
5620,"Deon",10,2017-06-23
5742,"HA07-02X22-3",30,2017-06-23
5743,"SD090965",30,2017-06-23
5744,"WIX9150-1",20,2017-06-23
5745,"MN10130",30,2017-06-23
5746,"IL07-8721",30,2017-06-23
5747,"SABER",30,2017-06-23
5748,"MN09255",20,2017-06-23
5750,"MN06203",30,2017-06-23
5751,"Ogle",30,2017-06-23
5752,"Deon",20,2017-06-23
5753,"MN09230",10,2017-06-23
5754,"OA1271-3",10,2017-06-23
5755,"SD050834",20,2017-06-23
5756,"04P07A-BS5C",10,2017-06-23
5757,"WIX9500-6",10,2017-06-23
5758,"MN07104",20,2017-06-23
5759,"MN05205",30,2017-06-23
5760,"AAC_ALMONTE",20,2017-06-23
5761,"GOPHER",20,2017-06-23
5762,"IA02010-2-1",20,2017-06-23
5763,"SD050612",20,2017-06-23
5764,"WIX9449-1",10,2017-06-23
5765,"WIX9897-5",10,2017-06-23
5766,"SD082192",20,2017-06-23
5767,"SD041451",30,2017-06-23
5768,"P075A1-7",20,2017-06-23
5769,"SD020883-109",10,2017-06-23
5770,"SD041445",20,2017-06-23
5771,"SD100015",20,2017-06-23
5772,"KAME",10,2017-06-23
5773,"Deon",10,2017-06-23
5774,"SD050945",20,2017-06-23
5775,"Ogle",20,2017-06-23
5776,"SD101027",20,2017-06-23
5777,"IA02023-2-1",20,2017-06-23
5778,"P0216A1-1",20,2017-06-23
5779,"MN08211",5,2017-06-23
5780,"00P28-AN01B1",20,2017-06-23
5781,"ND080816",20,2017-06-23
5782,"MN09256",20,2017-06-23
5783,"SD081644",20,2017-06-23
5784,"NATTY",10,2017-06-23
5785,"WIX9528-1",10,2017-06-23
5786,"WIX9878-3",20,2017-06-23
5787,"IL02-8663",20,2017-06-23
5788,"Deon",10,2017-06-23
5708,"ANDREW",20,2017-06-23
5709,"MN08252",10,2017-06-23
5710,"SD030888",20,2017-06-23
5711,"SD111753",20,2017-06-23
5712,"IL09-2838",20,2017-06-23
5713,"ND020965",20,2017-06-23
5714,"MN841801-1",20,2017-06-23
5715,"SD111939",20,2017-06-23
5716,"REINS",20,2017-06-23
5717,"Marvelous",10,2017-06-23
5718,"IL11-2353",5,2017-06-23
5719,"SD081085",20,2017-06-23
5720,"HA08-03X15-1",20,2017-06-23
5721,"WIX9645-1",20,2017-06-23
5722,"Deon",10,2017-06-23
5723,"HAYDEN",20,2017-06-23
5724,"AAC_NICOLAS",20,2017-06-23
5725,"LAO-1104-028C1",20,2017-06-23
5726,"MN05237",20,2017-06-23
5727,"IL09-5745",30,2017-06-23
5728,"MN11140",10,2017-06-23
5729,"WIX10088-6",10,2017-06-23
5730,"ND050490",20,2017-06-23
5731,"SD120456",30,2017-06-23
5732,"SD090510",20,2017-06-23
5733,"SD120638",10,2017-06-23
5734,"ND060342",20,2017-06-23
5735,"BADGER",20,2017-06-23
5736,"OT2074",10,2017-06-23
5697,"P0216A1-1-45",20,2017-06-23
5698,"IL08-9201",20,2017-06-23
5699,"ND040250",20,2017-06-23
5700,"IL06-3761",20,2017-06-23
5701,"SD090248",20,2017-06-23
5702,"WIX8787-4",10,2017-06-23
5703,"SD61081",10,2017-06-23
5704,"IA01005-2",1,2017-06-23
5705,"ND051312",5,2017-06-23
5706,"MN03114",10,2017-06-23
5707,"MN09119",20,2017-06-23
5738,"RON",30,2017-06-23
5739,"SD090552",30,2017-06-23
5740,"P021A1-25-53",20,2017-06-23
5737,"SD090780",30,2017-06-23
5741,"P021A1-25",20,2017-06-23
5744,"WIX9150-1",20,2017-06-26
5745,"MN10130",20,2017-06-26
5746,"IL07-8721",20,2017-06-26
5752,"Deon",20,2017-06-26
5753,"MN09230",10,2017-06-26
5754,"OA1271-3",10,2017-06-26
5755,"SD050834",10,2017-06-26
5756,"04P07A-BS5C",5,2017-06-26
5757,"WIX9500-6",10,2017-06-26
5758,"MN07104",20,2017-06-26
5759,"MN05205",10,2017-06-26
5747,"SABER",30,2017-06-26
5748,"MN09255",20,2017-06-26
5750,"MN06203",20,2017-06-26
5751,"Ogle",20,2017-06-26
5765,"WIX9897-5",5,2017-06-26
5766,"SD082192",20,2017-06-26
5767,"SD041451",20,2017-06-26
5768,"P075A1-7",10,2017-06-26
5769,"SD020883-109",10,2017-06-26
5770,"SD041445",10,2017-06-26
5771,"SD100015",20,2017-06-26
5772,"KAME",20,2017-06-26
5760,"AAC_ALMONTE",10,2017-06-26
5761,"GOPHER",10,2017-06-26
5762,"IA02010-2-1",20,2017-06-26
5763,"SD050612",10,2017-06-26
5764,"WIX9449-1",5,2017-06-26
5697,"P0216A1-1-45",10,2017-06-26
5698,"IL08-9201",20,2017-06-26
5699,"ND040250",10,2017-06-26
5700,"IL06-3761",20,2017-06-26
5701,"SD090248",10,2017-06-26
5702,"WIX8787-4",5,2017-06-26
5703,"SD61081",20,2017-06-26
5704,"IA01005-2",5,2017-06-26
5705,"ND051312",10,2017-06-26
5706,"MN03114",20,2017-06-26
5707,"MN09119",20,2017-06-26
5708,"ANDREW",10,2017-06-26
5709,"MN08252",5,2017-06-26
5710,"SD030888",20,2017-06-26
5711,"SD111753",10,2017-06-26
5712,"IL09-2838",20,2017-06-26
5713,"ND020965",10,2017-06-26
5714,"MN841801-1",20,2017-06-26
5715,"SD111939",20,2017-06-26
5716,"REINS",10,2017-06-26
5717,"Marvelous",10,2017-06-26
5718,"IL11-2353",5,2017-06-26
5719,"SD081085",20,2017-06-26
5720,"HA08-03X15-1",20,2017-06-26
5721,"WIX9645-1",10,2017-06-26
5722,"Deon",10,2017-06-26
5723,"HAYDEN",20,2017-06-26
5724,"AAC_NICOLAS",20,2017-06-26
5725,"LAO-1104-028C1",20,2017-06-26
5726,"MN05237",20,2017-06-26
5727,"IL09-5745",20,2017-06-26
5728,"MN11140",10,2017-06-26
5729,"WIX10088-6",10,2017-06-26
5730,"ND050490",20,2017-06-26
5731,"SD120456",20,2017-06-26
5732,"SD090510",20,2017-06-26
5733,"SD120638",10,2017-06-26
5734,"ND060342",20,2017-06-26
5735,"BADGER",30,2017-06-26
5736,"OT2074",10,2017-06-26
5737,"SD090780",20,2017-06-26
5738,"RON",20,2017-06-26
5739,"SD090552",20,2017-06-26
5740,"P021A1-25-53",20,2017-06-26
5741,"P021A1-25",10,2017-06-26
5742,"HA07-02X22-3",20,2017-06-26
5743,"SD090965",20,2017-06-26
5501,"SD100719",10,2017-06-26
5502,"MN06213",30,2017-06-26
5503,"IL08-2010",20,2017-06-26
5504,"SD081577",20,2017-06-26
5505,"ND090807",20,2017-06-26
5506,"SHELBY427",30,2017-06-26
5507,"WIX10055-8",10,2017-06-26
5508,"SD050938",10,2017-06-26
5509,"WIX9562-5",10,2017-06-26
5510,"LAO-1012-040",20,2017-06-26
5511,"IL00-1030",20,2017-06-26
5512,"SD120289",5,2017-06-26
5513,"LEGGETT",1,2017-06-26
5514,"WIX8787-2",10,2017-06-26
5515,"SD080611",20,2017-06-26
5516,"MORTON",10,2017-06-26
5517,"ND100362",10,2017-06-26
5518,"Deon",10,2017-06-26
5519,"OPTIMUM",10,2017-06-26
5520,"MN841801-1",10,2017-06-26
5521,"Portage",20,2017-06-26
5522,"SD090240",20,2017-06-26
5523,"MN02231",20,2017-06-26
5524,"ND070182",10,2017-06-26
5525,"SD081038",5,2017-06-26
5526,"IA02130-2-3",20,2017-06-26
5527,"Marvelous",10,2017-06-26
5528,"SD050616",20,2017-06-26
5529,"Ogle",20,2017-06-26
5530,"IL07-8258",30,2017-06-26
5531,"SD090882",30,2017-06-26
5532,"MN10253",10,2017-06-26
5533,"SD60980",10,2017-06-26
5534,"SD120069",10,2017-06-26
5535,"CLINTFORD",20,2017-06-26
5536,"SD120640",10,2017-06-26
5537,"IL09-5239",20,2017-06-26
5538,"OTEE",20,2017-06-26
5539,"MNBT1021-1",1,2017-06-26
5540,"SD081949",10,2017-06-26
5541,"MN841801-1",20,2017-06-26
5542,"Deon",20,2017-06-26
5543,"IL05-9931",20,2017-06-26
5544,"P075A1-3-2",20,2017-06-26
5545,"P0528A1-1",20,2017-06-26
5546,"MN04120",30,2017-06-26
5547,"Portage",20,2017-06-26
5548,"SD050716",20,2017-06-26
5549,"MN10121",30,2017-06-26
5550,"MN11221",30,2017-06-26
5551,"ND051306",20,2017-06-26
5552,"MN06120",30,2017-06-26
5553,"SD120316",20,2017-06-26
5554,"IA02168-1-1",30,2017-06-26
5555,"ND090709",30,2017-06-26
5556,"Marvelous",20,2017-06-26
5557,"CLINTLAND64",30,2017-06-26
5558,"MN841801-1",20,2017-06-26
5559,"Deon",20,2017-06-26
5560,"OA1341-1",10,2017-06-26
5561,"SD110808",10,2017-06-26
5562,"IL06-8153",30,2017-06-26
5563,"WIX9082-1",10,2017-06-26
5564,"06P04A-E07B3",20,2017-06-26
5565,"P0714A1-29-2",20,2017-06-26
5566,"COLT",20,2017-06-26
5567,"IL05-3337",30,2017-06-26
5568,"ND070388",10,2017-06-26
5569,"SD041445-93",20,2017-06-26
5570,"P021A1-78-1",30,2017-06-26
5571,"ND030349",20,2017-06-26
5572,"Deon",10,2017-06-26
5573,"SD111946",10,2017-06-26
5574,"P973A38-9-3-2-29",10,2017-06-26
5575,"WIX9414-1",10,2017-06-26
5576,"MN08260",10,2017-06-26
5577,"SD041445-119",10,2017-06-26
5578,"MN11211",5,2017-06-26
5579,"IL02-5630",30,2017-06-26
5580,"SD100644",10,2017-06-26
5581,"MN11211",5,2017-06-26
5582,"Marvelous",10,2017-06-26
5583,"MN09115",20,2017-06-26
5584,"MN08160",10,2017-06-26
5585,"SD031128-245",10,2017-06-26
5586,"WIX9221-8",5,2017-06-26
5587,"04P07B-GN1C",5,2017-06-26
5588,"ND101473",10,2017-06-26
5589,"P9741A1-4-6-86",20,2017-06-26
5590,"SD100454",20,2017-06-26
5591,"AAC_ROSKENS",10,2017-06-26
5592,"MN10209",20,2017-06-26
5593,"SD120553",10,2017-06-26
5594,"SD120129",10,2017-06-26
5595,"ND021052",20,2017-06-26
5596,"Deon",10,2017-06-26
5597,"OA1256-1",10,2017-06-26
5598,"SD120296",10,2017-06-26
5599,"OT2083",20,2017-06-26
5600,"ND111357",10,2017-06-26
5601,"Deon",20,2017-06-26
5602,"OA1253-1",20,2017-06-26
5603,"SD041016",10,2017-06-26
5604,"WIX10045-9",5,2017-06-26
5605,"SD110765",20,2017-06-26
5606,"OA1357-2",10,2017-06-26
5607,"SD61433",10,2017-06-26
5608,"ND040196",20,2017-06-26
5609,"MN02234",20,2017-06-26
5610,"WIX9487-1",5,2017-06-26
5611,"OA1331-6",20,2017-06-26
5612,"IL05-7133",20,2017-06-26
5613,"ND090868",20,2017-06-26
5614,"IL04-7077",20,2017-06-26
5615,"SD090880",10,2017-06-26
5616,"WIX10045-12",5,2017-06-26
5617,"IL10-9867",5,2017-06-26
5618,"Portage",20,2017-06-26
5619,"Ogle",20,2017-06-26
5620,"Deon",5,2017-06-26
5621,"P021A1-78-1-5",10,2017-06-26
5622,"ND011054",20,2017-06-26
5623,"IL06-5465",20,2017-06-26
5624,"HORSEPOWER",20,2017-06-26
5625,"ND102000",10,2017-06-26
5626,"SD110470",10,2017-06-26
5627,"AC_ASSINIBOIA",20,2017-06-26
5628,"SD050608",20,2017-06-26
5629,"SD111931",20,2017-06-26
5630,"DON",20,2017-06-26
5631,"MN04232",30,2017-06-26
5632,"BETAGENE",20,2017-06-26
5633,"WIX8791-1",10,2017-06-26
5634,"IL02-8011",20,2017-06-26
5635,"SD091510",20,2017-06-26
5636,"P0528A1-6-1",20,2017-06-26
5637,"SD081563",10,2017-06-26
5638,"P0528A1-1-1",20,2017-06-26
5639,"MN09105",20,2017-06-26
5640,"SD110640",30,2017-06-26
5641,"IA02130-2-2",10,2017-06-26
5642,"MN09223",10,2017-06-26
5643,"Marvelous",20,2017-06-26
5644,"SD051005",20,2017-06-26
5645,"WIX9287-2",20,2017-06-26
5646,"MN05157",30,2017-06-26
5647,"SD090893",20,2017-06-26
5648,"MN09103",20,2017-06-26
5649,"MN11139",10,2017-06-26
5650,"WPAT04P03-PY3B",10,2017-06-26
5651,"MN11110",20,2017-06-26
5652,"SD110605",20,2017-06-26
5653,"IL09-5508",20,2017-06-26
5654,"SD111922",20,2017-06-26
5655,"Portage",30,2017-06-26
5656,"Deon",20,2017-06-26
5657,"P021A1-66-2",20,2017-06-26
5658,"IL09-6937",30,2017-06-26
5659,"SD110304",20,2017-06-26
5660,"ND021612",20,2017-06-26
5661,"Ogle",20,2017-06-26
5662,"Deon",10,2017-06-26
5663,"IL11-5748",20,2017-06-26
5664,"Portage",20,2017-06-26
5665,"01G04-CC3E",10,2017-06-26
5666,"SD100602",20,2017-06-26
5667,"MN11231",10,2017-06-26
5668,"SD080348",10,2017-06-26
5669,"SD081107",10,2017-06-26
5670,"SD100198",20,2017-06-26
5671,"MN05119",30,2017-06-26
5672,"MN08138",20,2017-06-26
5673,"SD120524",10,2017-06-26
5674,"P0541A1-1",20,2017-06-26
5675,"SD041405",20,2017-06-26
5676,"SD110466",5,2017-06-26
5677,"ND060182",10,2017-06-26
5678,"MN04242",10,2017-06-26
5679,"ND040492",20,2017-06-26
5680,"SD111736",10,2017-06-26
5681,"NEWBURG",20,2017-06-26
5682,"MN07204",10,2017-06-26
5683,"SD080788",20,2017-06-26
5684,"MNBT1020-1",1,2017-06-26
5685,"MN841801-1",20,2017-06-26
5686,"SD100184",20,2017-06-26
5687,"MN08243",10,2017-06-26
5688,"SD120266",20,2017-06-26
5689,"WIX8787-3",10,2017-06-26
5690,"SD60130",5,2017-06-26
5691,"MN04136",10,2017-06-26
5692,"MN07208",10,2017-06-26
5693,"MN841801-1",20,2017-06-26
5694,"OA1342-2",10,2017-06-26
5695,"AAC_OAKLIN",10,2017-06-26
5696,"03P26A-BV3A",5,2017-06-26
5777,"IA02023-2-1",10,2017-06-26
5778,"P0216A1-1",10,2017-06-26
5779,"MN08211",5,2017-06-26
5780,"00P28-AN01B1",10,2017-06-26
5781,"ND080816",10,2017-06-26
5782,"MN09256",10,2017-06-26
5783,"SD081644",20,2017-06-26
5784,"NATTY",10,2017-06-26
5785,"WIX9528-1",10,2017-06-26
5786,"WIX9878-3",20,2017-06-26
5787,"IL02-8663",20,2017-06-26
5788,"Deon",5,2017-06-26
5775,"Ogle",20,2017-06-26
5776,"SD101027",10,2017-06-26
5773,"Deon",20,2017-06-26
5774,"SD050945",20,2017-06-26
